[{"model": "admin.logentry", "pk": 1, "fields": {"action_time": "2026-01-26T14:58:25.718Z", "user": 1, "content_type": 2, "object_id": "1", "object_repr": "Manager", "action_flag": 1, "change_message": "[{\"added\": {}}]"}}, {"model": "admin.logentry", "pk": 2, "fields": {"action_time": "2026-01-26T15:02:15.337Z", "user": 1, "content_type": 6, "object_id": "2", "object_repr": "bossyanelle (admin)", "action_flag": 1, "change_message": "[{\"added\": {}}]"}}, {"model": "admin.logentry", "pk": 3, "fields": {"action_time": "2026-01-26T15:03:35.801Z", "user": 1, "content_type": 6, "object_id": "2", "object_repr": "bossyanelle (admin)", "action_flag": 2, "change_message": "[{\"changed\": {\"fields\": [\"First name\", \"Last name\", \"Email address\", \"Groups\", \"User permissions\"]}}]"}}, {"model": "admin.logentry", "pk": 4, "fields": {"action_time": "2026-01-28T04:45:32.787Z", "user": 1, "content_type": 6, "object_id": "3", "object_repr": "gift_buan (cashier)", "action_flag": 1, "change_message": "[{\"added\": {}}]"}}, {"model": "admin.logentry", "pk": 5, "fields": {"action_time": "2026-01-28T04:46:16.413Z", "user": 1, "content_type": 6, "object_id": "3", "object_repr": "gift_buan (cashier)", "action_flag": 2, "change_message": "[]"}}, {"model": "admin.logentry", "pk": 6, "fields": {"action_time": "2026-01-29T03:57:25.686Z", "user": 1, "content_type": 6, "object_id": "4", "object_repr": "paul (cashier)", "action_flag": 1, "change_message": "[{\"added\": {}}]"}}, {"model": "admin.logentry", "pk": 7, "fields": {"action_time": "2026-01-29T03:58:10.623Z", "user": 1, "content_type": 6, "object_id": "4", "object_repr": "paul (cashier)", "action_flag": 2, "change_message": "[{\"changed\": {\"fields\": [\"First name\", \"Last name\", \"Email address\"]}}]"}}, {"model": "admin.logentry", "pk": 8, "fields": {"action_time": "2026-03-09T04:14:05.686Z", "user": 1, "content_type": 6, "object_id": "1", "object_repr": "admin (admin)", "action_flag": 2, "change_message": "[{\"changed\": {\"fields\": [\"Role\"]}}]"}}, {"model": "admin.logentry", "pk": 9, "fields": {"action_time": "2026-03-25T02:59:12.308Z", "user": 1, "content_type": 6, "object_id": "3", "object_repr": "gift_buan (manager)", "action_flag": 2, "change_message": "[{\"changed\": {\"fields\": [\"Role\"]}}]"}}, {"model": "admin.logentry", "pk": 10, "fields": {"action_time": "2026-03-25T03:01:32.993Z", "user": 1, "content_type": 6, "object_id": "5", "object_repr": "jemmel (manager)", "action_flag": 1, "change_message": "[{\"added\": {}}]"}}, {"model": "admin.logentry", "pk": 11, "fields": {"action_time": "2026-03-25T03:09:57.862Z", "user": 1, "content_type": 6, "object_id": "5", "object_repr": "jemmel (manager)", "action_flag": 2, "change_message": "[{\"changed\": {\"fields\": [\"User permissions\"]}}]"}}, {"model": "admin.logentry", "pk": 12, "fields": {"action_time": "2026-03-25T03:10:25.885Z", "user": 1, "content_type": 6, "object_id": "2", "object_repr": "bossyanelle (admin)", "action_flag": 2, "change_message": "[{\"changed\": {\"fields\": [\"password\"]}}]"}}, {"model": "admin.logentry", "pk": 13, "fields": {"action_time": "2026-03-25T03:10:29.957Z", "user": 1, "content_type": 6, "object_id": "2", "object_repr": "bossyanelle (admin)", "action_flag": 2, "change_message": "[]"}}, {"model": "admin.logentry", "pk": 14, "fields": {"action_time": "2026-03-25T03:11:01.801Z", "user": 1, "content_type": 6, "object_id": "4", "object_repr": "paul (cashier)", "action_flag": 2, "change_message": "[{\"changed\": {\"fields\": [\"User permissions\"]}}]"}}, {"model": "admin.logentry", "pk": 15, "fields": {"action_time": "2026-03-25T03:20:12.782Z", "user": 1, "content_type": 6, "object_id": "6", "object_repr": "cashbaby (cashier)", "action_flag": 1, "change_message": "[{\"added\": {}}]"}}, {"model": "admin.logentry", "pk": 16, "fields": {"action_time": "2026-03-25T03:20:27.889Z", "user": 1, "content_type": 6, "object_id": "6", "object_repr": "cashbaby (cashier)", "action_flag": 2, "change_message": "[{\"changed\": {\"fields\": [\"First name\", \"Last name\", \"User permissions\"]}}]"}}, {"model": "auth.group", "pk": 1, "fields": {"name": "Manager", "permissions": [21, 22, 23, 24, 1, 2, 3, 4, 9, 10, 11, 12, 5, 6, 7, 8, 13, 14, 15, 16, 33, 34, 35, 36, 45, 46, 47, 48, 41, 42, 43, 44, 37, 38, 39, 40, 25, 26, 27, 28, 29, 30, 31, 32, 49, 50, 51, 52, 17, 18, 19, 20]}}, {"model": "sessions.session", "pk": "2mervu6u7d1cmgnw4pcut9tdbwdgw5ga", "fields": {"session_data": ".eJxVjDEOgzAMAP_iuYoSGgxm7M4bUGI7DW0VJAJT1b9XSAztene6N0xh3_K0V12nWWAAB5dfFgM_tRxCHqHcF8NL2dY5miMxp61mXERft7P9G-RQMwzgiakLgpzEK8UOe9sn8m2v2F5dahKjs2SZnG1Fm4RogzrGiKzeE8LnC-PeN8E:1wCcdx:Fu-jdvz-DKp60BWWDePUy8M8_AVTShYVsHYAEevq3Y0", "expire_date": "2026-04-28T12:13:25.017Z"}}, {"model": "sessions.session", "pk": "79l8sjcj3k5wejfbfo0kzxv8y8mw6f5y", "fields": {"session_data": ".eJxVjEsOAiEQBe_C2hA-QoNL956BNDTIqIFkmFkZ725IZqHbV1XvzQLuWw37yGtYiF3YmZ1-t4jpmdsE9MB27zz1tq1L5FPhBx381im_rof7d1Bx1FkDSZMBTHGlOPKqoE4aIJFBo1wWlkBEaaNMwqEoPiawPoNXYFTxmn2-93E39w:1w6Nl9:YsCpauOugZTCN84NxphwXE66MB6FAdA-AxGl4tGIXT8", "expire_date": "2026-04-11T07:07:03.681Z"}}, {"model": "sessions.session", "pk": "aoy8eyeienbnm6ij2ksaffxh1hyapfxd", "fields": {"session_data": ".eJxVjLEOwjAMRP8lM4rkYpKGkZ1viBzbIQWUSk07If4dInWA6aR77-5lIm1riVvTJU5izgbM4bdLxA-tHcid6m22PNd1mZLtit1ps9dZ9HnZ3b-DQq181xpyUhaBhAkG75FGYgcIhN5nl1ExyBGJmLPoST3D2NOFPCAAmPcHF3U49Q:1vkOYd:YdWLz2VcR6CWNVcdTq3rrelKc054_V_WsxDw3Z03nLA", "expire_date": "2026-02-09T15:31:15.100Z"}}, {"model": "sessions.session", "pk": "b05qnlq4noyvjkjhhq5w672cvno8lg0d", "fields": {"session_data": ".eJxVjMsKwjAQAP9lzxI2zbtH735D2GRTU5UUmvYk_rsUetDrzDBviLRvNe69rHFmGMHA5Zclys_SDsEPavdF5KVt65zEkYjTdnFbuLyuZ_s3qNQrjKB8ljiwUpZYy6I020FiNi5PbNFb1pqzt0rjFAySky654AM656lgsfD5AsQfNus:1wA7nU:1XoR8T0UAakwgdbni3Yk7GA2p64GPPvVI9bX8IrsT74", "expire_date": "2026-04-21T14:52:56.546Z"}}, {"model": "sessions.session", "pk": "h06stj41t6hnxca86d8akkgprxqv4v3u", "fields": {"session_data": ".eJxVjLEOwjAMRP8lM4rkYpKGkZ1viBzbIQWUSk07If4dInWA6aR77-5lIm1riVvTJU5izgbM4bdLxA-tHcid6m22PNd1mZLtit1ps9dZ9HnZ3b-DQq181xpyUhaBhAkG75FGYgcIhN5nl1ExyBGJmLPoST3D2NOFPCAAmPcHF3U49Q:1vlJQU:aX59JIPhhJgkgxyHw7C-1v8rrm_K05SS2OOEY6PobaI", "expire_date": "2026-02-12T04:14:38.796Z"}}, {"model": "sessions.session", "pk": "zalsru0oup6dtjpvvdm6azafstqipzhl", "fields": {"session_data": ".eJxVjDsOwjAQBe_iGlmO8W8p6XMGa73r4ACypTipEHeHSCmgfTPzXiLitpa49bzEmcVFaHH63RLSI9cd8B3rrUlqdV3mJHdFHrTLsXF-Xg_376BgL986TUTOMlhkxcmA8gjg3BAyoJ8YLRhyiQkGx8g6nQNZhSEwa2-sR_H-AApKOKg:1w60wi:70BStqfwx0ADVh6IEW6k-IqkgDv9VDjRN7C5iXUBOc8", "expire_date": "2026-04-10T06:45:28.656Z"}}, {"model": "sessions.session", "pk": "zywds10cde9wyxnhr00nkhdwmy5mg4ji", "fields": {"session_data": ".eJxVjDsOwjAQBe_iGlmO8W8p6XMGa73r4ACypTipEHeHSCmgfTPzXiLitpa49bzEmcVFaHH63RLSI9cd8B3rrUlqdV3mJHdFHrTLsXF-Xg_376BgL986TUTOMlhkxcmA8gjg3BAyoJ8YLRhyiQkGx8g6nQNZhSEwa2-sR_H-AApKOKg:1w5Imf:OW1GA2xzsv9_jX9AE_Sb3qo5EGI_LjJ51S4514iccCY", "expire_date": "2026-04-08T07:36:09.784Z"}}, {"model": "accounts.user", "pk": 1, "fields": {"password": "pbkdf2_sha256$1200000$EcQ1Mlzm3IdM4HyRYpMkGB$gX18mz/a3TLwuxMxeBhrYAas8f4o7SzTZ8fn9/56IH4=", "last_login": "2026-04-14T12:13:24.967Z", "is_superuser": true, "username": "admin", "first_name": "", "last_name": "", "email": "admin@gmail.com", "is_staff": true, "is_active": true, "date_joined": "2026-01-25T05:11:59Z", "role": "admin", "phone_number": null, "groups": [], "user_permissions": []}}, {"model": "accounts.user", "pk": 2, "fields": {"password": "pbkdf2_sha256$1200000$4s6NvgAMree6mbSSVzLhRx$i/rKHexKQ7J8Fu2so5is/tJF566R7dA2vDApl+f/ax0=", "last_login": "2026-03-27T06:45:28.652Z", "is_superuser": false, "username": "bossyanelle", "first_name": "Yanelle Bryan", "last_name": "Ansag", "email": "yanellebryan@gmail.com", "is_staff": false, "is_active": true, "date_joined": "2026-01-26T15:02:14Z", "role": "admin", "phone_number": null, "groups": [1], "user_permissions": [21, 22, 23, 24, 1, 2, 3, 4, 9, 10, 11, 12, 5, 6, 7, 8, 13, 14, 15, 16, 33, 34, 35, 36, 45, 46, 47, 48, 41, 42, 43, 44, 37, 38, 39, 40, 25, 26, 27, 28, 29, 30, 31, 32, 49, 50, 51, 52, 17, 18, 19, 20]}}, {"model": "accounts.user", "pk": 3, "fields": {"password": "pbkdf2_sha256$1200000$KxKmgQL3Ysyx4i75moWOMK$WzOvJVvp1I/dtwHJjGTc5pVLq3RnXH549uRJnCKRHh4=", "last_login": "2026-01-28T04:47:12Z", "is_superuser": false, "username": "gift_buan", "first_name": "", "last_name": "", "email": "", "is_staff": false, "is_active": true, "date_joined": "2026-01-28T04:45:32Z", "role": "manager", "phone_number": null, "groups": [], "user_permissions": []}}, {"model": "accounts.user", "pk": 4, "fields": {"password": "pbkdf2_sha256$1200000$yvivAoHJzGc9SHJJtMzAWm$nEpf6KmIHJat5pht9I2yQM/hnSlOSz10iO1yTvTQyrw=", "last_login": "2026-04-14T11:54:51.521Z", "is_superuser": false, "username": "paul", "first_name": "Paul", "last_name": "De Leon", "email": "s2200338@usls.edu.ph", "is_staff": false, "is_active": true, "date_joined": "2026-01-29T03:57:25Z", "role": "cashier", "phone_number": null, "groups": [], "user_permissions": [21, 22, 23, 24, 1, 2, 3, 4, 9, 10, 11, 12, 5, 6, 7, 8, 13, 14, 15, 16, 33, 34, 35, 36, 45, 46, 47, 48, 41, 42, 43, 44, 37, 38, 39, 40, 25, 26, 27, 28, 29, 30, 31, 32, 49, 50, 51, 52, 17, 18, 19, 20]}}, {"model": "accounts.user", "pk": 5, "fields": {"password": "pbkdf2_sha256$1200000$RhNOkyXRmc7iH6CzpL0PLB$3VNYrJWrpl9bLuUNzqRwCN942xV4qrgKaUukTwFvr80=", "last_login": "2026-04-11T00:45:22.383Z", "is_superuser": false, "username": "jemmel", "first_name": "", "last_name": "", "email": "", "is_staff": false, "is_active": true, "date_joined": "2026-03-25T03:01:32Z", "role": "manager", "phone_number": null, "groups": [], "user_permissions": [21, 22, 23, 24, 1, 2, 3, 4, 9, 10, 11, 12, 5, 6, 7, 8, 13, 14, 15, 16, 33, 34, 35, 36, 45, 46, 47, 48, 41, 42, 43, 44, 37, 38, 39, 40, 25, 26, 27, 28, 29, 30, 31, 32, 49, 50, 51, 52, 17, 18, 19, 20]}}, {"model": "accounts.user", "pk": 6, "fields": {"password": "pbkdf2_sha256$1200000$jEbhe2vSCodpazZzMWxjrn$78FoZOFSXMLSxJVVTc39WixooW+aVlkjDIL6+Q8zyOw=", "last_login": "2026-03-25T03:20:43.664Z", "is_superuser": false, "username": "cashbaby", "first_name": "Baby", "last_name": "Cash", "email": "", "is_staff": false, "is_active": true, "date_joined": "2026-03-25T03:20:12Z", "role": "cashier", "phone_number": null, "groups": [], "user_permissions": [21, 22, 23, 24, 1, 2, 3, 4, 9, 10, 11, 12, 5, 6, 7, 8, 13, 14, 15, 16, 33, 34, 35, 36, 45, 46, 47, 48, 41, 42, 43, 44, 37, 38, 39, 40, 25, 26, 27, 28, 29, 30, 31, 32, 49, 50, 51, 52, 17, 18, 19, 20]}}, {"model": "products.supplier", "pk": 1, "fields": {"name": "Universal Robina Corporation (URC)", "contact_person": "Customer Service", "phone": "02-8633-7631", "email": "info@urc.com.ph", "address": "Quezon City", "created_at": "2026-01-25T06:28:23.834Z"}}, {"model": "products.supplier", "pk": 2, "fields": {"name": "Nestle Philippines", "contact_person": "Sales Dept", "phone": "02-8898-0001", "email": "service@ph.nestle.com", "address": "Makati City", "created_at": "2026-01-25T06:28:23.839Z"}}, {"model": "products.supplier", "pk": 3, "fields": {"name": "San Miguel Corporation", "contact_person": "Distributor", "phone": "02-8632-3000", "email": "customercare@sanmiguel.com.ph", "address": "Mandaluyong City", "created_at": "2026-01-25T06:28:23.843Z"}}, {"model": "products.supplier", "pk": 4, "fields": {"name": "CDO Foodsphere", "contact_person": "Sales Team", "phone": "02-8588-5900", "email": "sales@cdo.com.ph", "address": "Valenzuela City", "created_at": "2026-01-25T06:28:23.846Z"}}, {"model": "products.supplier", "pk": 5, "fields": {"name": "NutriAsia", "contact_person": "Marketing", "phone": "02-8812-6288", "email": "hello@nutriasia.com", "address": "Taguig City", "created_at": "2026-01-25T06:28:23.848Z"}}, {"model": "products.supplier", "pk": 6, "fields": {"name": "Monde Nissin", "contact_person": "Sales", "phone": "02-8759-7500", "email": "connect@mondenissin.com", "address": "Makati City", "created_at": "2026-01-25T06:28:23.850Z"}}, {"model": "products.supplier", "pk": 7, "fields": {"name": "Unilever Philippines", "contact_person": "Support", "phone": "02-8588-8800", "email": "cec.philippines@unilever.com", "address": "Taguig City", "created_at": "2026-01-25T06:28:23.852Z"}}, {"model": "products.supplier", "pk": 8, "fields": {"name": "Procter & Gamble", "contact_person": "Distributor", "phone": "02-8894-3955", "email": "pg.support@pg.com", "address": "Taguig City", "created_at": "2026-01-25T06:28:23.853Z"}}, {"model": "products.supplier", "pk": 9, "fields": {"name": "Alaska Milk Corporation", "contact_person": "Sales", "phone": "02-8840-4500", "email": "consumer@alaskamilk.com", "address": "Makati City", "created_at": "2026-01-25T06:28:23.855Z"}}, {"model": "products.supplier", "pk": 10, "fields": {"name": "Del Monte Philippines", "contact_person": "Sales", "phone": "02-8856-2888", "email": "feedback@delmonte.com", "address": "Taguig City", "created_at": "2026-01-25T06:28:23.859Z"}}, {"model": "products.category", "pk": 1, "fields": {"name": "Beverages", "slug": "beverages", "description": null, "icon": "", "icon_name": "box", "parent": null, "created_at": "2026-01-25T06:09:53.867Z"}}, {"model": "products.category", "pk": 2, "fields": {"name": "Snacks", "slug": "snacks", "description": null, "icon": "", "icon_name": "box", "parent": null, "created_at": "2026-01-25T06:09:53.872Z"}}, {"model": "products.category", "pk": 3, "fields": {"name": "Dairy", "slug": "dairy", "description": null, "icon": "", "icon_name": "box", "parent": null, "created_at": "2026-01-25T06:09:53.875Z"}}, {"model": "products.category", "pk": 4, "fields": {"name": "Fresh Produce", "slug": "fresh-produce", "description": null, "icon": "", "icon_name": "box", "parent": null, "created_at": "2026-01-25T06:09:53.878Z"}}, {"model": "products.category", "pk": 5, "fields": {"name": "Canned Goods", "slug": "canned-goods", "description": null, "icon": "", "icon_name": "box", "parent": null, "created_at": "2026-01-25T06:09:53.881Z"}}, {"model": "products.category", "pk": 6, "fields": {"name": "Vegetables", "slug": "vegetables", "description": null, "icon": "", "icon_name": "leaf", "parent": 4, "created_at": "2026-01-25T06:28:23.863Z"}}, {"model": "products.category", "pk": 7, "fields": {"name": "Fruits", "slug": "fruits", "description": null, "icon": "", "icon_name": "leaf", "parent": 4, "created_at": "2026-01-25T06:28:23.865Z"}}, {"model": "products.category", "pk": 8, "fields": {"name": "Herbs & Spices", "slug": "herbs-spices", "description": null, "icon": "", "icon_name": "leaf", "parent": 4, "created_at": "2026-01-25T06:28:23.872Z"}}, {"model": "products.category", "pk": 9, "fields": {"name": "Organic Produce", "slug": "organic-produce", "description": null, "icon": "", "icon_name": "leaf", "parent": 4, "created_at": "2026-01-25T06:28:23.876Z"}}, {"model": "products.category", "pk": 10, "fields": {"name": "Dairy & Eggs", "slug": "dairy-eggs", "description": null, "icon": "", "icon_name": "milk", "parent": null, "created_at": "2026-01-25T06:28:23.880Z"}}, {"model": "products.category", "pk": 11, "fields": {"name": "Milk", "slug": "milk", "description": null, "icon": "", "icon_name": "milk", "parent": 10, "created_at": "2026-01-25T06:28:23.884Z"}}, {"model": "products.category", "pk": 12, "fields": {"name": "Cheese", "slug": "cheese", "description": null, "icon": "", "icon_name": "milk", "parent": 10, "created_at": "2026-01-25T06:28:23.886Z"}}, {"model": "products.category", "pk": 13, "fields": {"name": "Butter & Margarine", "slug": "butter-margarine", "description": null, "icon": "", "icon_name": "milk", "parent": 10, "created_at": "2026-01-25T06:28:23.889Z"}}, {"model": "products.category", "pk": 14, "fields": {"name": "Yogurt", "slug": "yogurt", "description": null, "icon": "", "icon_name": "milk", "parent": 10, "created_at": "2026-01-25T06:28:23.893Z"}}, {"model": "products.category", "pk": 15, "fields": {"name": "Eggs", "slug": "eggs", "description": null, "icon": "", "icon_name": "milk", "parent": 10, "created_at": "2026-01-25T06:28:23.895Z"}}, {"model": "products.category", "pk": 16, "fields": {"name": "Cream", "slug": "cream", "description": null, "icon": "", "icon_name": "milk", "parent": 10, "created_at": "2026-01-25T06:28:23.897Z"}}, {"model": "products.category", "pk": 17, "fields": {"name": "Meat & Seafood", "slug": "meat-seafood", "description": null, "icon": "", "icon_name": "beef", "parent": null, "created_at": "2026-01-25T06:28:23.898Z"}}, {"model": "products.category", "pk": 18, "fields": {"name": "Fresh Meat", "slug": "fresh-meat", "description": null, "icon": "", "icon_name": "beef", "parent": 17, "created_at": "2026-01-25T06:28:23.901Z"}}, {"model": "products.category", "pk": 19, "fields": {"name": "Processed Meat", "slug": "processed-meat", "description": null, "icon": "", "icon_name": "beef", "parent": 17, "created_at": "2026-01-25T06:28:23.904Z"}}, {"model": "products.category", "pk": 20, "fields": {"name": "Frozen Meat", "slug": "frozen-meat", "description": null, "icon": "", "icon_name": "beef", "parent": 17, "created_at": "2026-01-25T06:28:23.907Z"}}, {"model": "products.category", "pk": 21, "fields": {"name": "Fresh Seafood", "slug": "fresh-seafood", "description": null, "icon": "", "icon_name": "beef", "parent": 17, "created_at": "2026-01-25T06:28:23.911Z"}}, {"model": "products.category", "pk": 22, "fields": {"name": "Frozen Seafood", "slug": "frozen-seafood", "description": null, "icon": "", "icon_name": "beef", "parent": 17, "created_at": "2026-01-25T06:28:23.913Z"}}, {"model": "products.category", "pk": 23, "fields": {"name": "Bakery & Bread", "slug": "bakery-bread", "description": null, "icon": "", "icon_name": "croissant", "parent": null, "created_at": "2026-01-25T06:28:23.915Z"}}, {"model": "products.category", "pk": 24, "fields": {"name": "Loaf Bread", "slug": "loaf-bread", "description": null, "icon": "", "icon_name": "croissant", "parent": 23, "created_at": "2026-01-25T06:28:23.918Z"}}, {"model": "products.category", "pk": 25, "fields": {"name": "Pandesal", "slug": "pandesal", "description": null, "icon": "", "icon_name": "croissant", "parent": 23, "created_at": "2026-01-25T06:28:23.921Z"}}, {"model": "products.category", "pk": 26, "fields": {"name": "Pastries", "slug": "pastries", "description": null, "icon": "", "icon_name": "croissant", "parent": 23, "created_at": "2026-01-25T06:28:23.923Z"}}, {"model": "products.category", "pk": 27, "fields": {"name": "Cakes", "slug": "cakes", "description": null, "icon": "", "icon_name": "croissant", "parent": 23, "created_at": "2026-01-25T06:28:23.925Z"}}, {"model": "products.category", "pk": 28, "fields": {"name": "Biscuits & Crackers", "slug": "biscuits-crackers", "description": null, "icon": "", "icon_name": "croissant", "parent": 23, "created_at": "2026-01-25T06:28:23.927Z"}}, {"model": "products.category", "pk": 29, "fields": {"name": "Soft Drinks", "slug": "soft-drinks", "description": null, "icon": "", "icon_name": "cup-soda", "parent": 1, "created_at": "2026-01-25T06:28:23.929Z"}}, {"model": "products.category", "pk": 30, "fields": {"name": "Juices", "slug": "juices", "description": null, "icon": "", "icon_name": "cup-soda", "parent": 1, "created_at": "2026-01-25T06:28:23.932Z"}}, {"model": "products.category", "pk": 31, "fields": {"name": "Water", "slug": "water", "description": null, "icon": "", "icon_name": "cup-soda", "parent": 1, "created_at": "2026-01-25T06:28:23.936Z"}}, {"model": "products.category", "pk": 32, "fields": {"name": "Coffee & Tea", "slug": "coffee-tea", "description": null, "icon": "", "icon_name": "cup-soda", "parent": 1, "created_at": "2026-01-25T06:28:23.938Z"}}, {"model": "products.category", "pk": 33, "fields": {"name": "Energy Drinks", "slug": "energy-drinks", "description": null, "icon": "", "icon_name": "cup-soda", "parent": 1, "created_at": "2026-01-25T06:28:23.940Z"}}, {"model": "products.category", "pk": 34, "fields": {"name": "Alcohol", "slug": "alcohol", "description": null, "icon": "", "icon_name": "cup-soda", "parent": 1, "created_at": "2026-01-25T06:28:23.942Z"}}, {"model": "products.category", "pk": 35, "fields": {"name": "Milk Drinks", "slug": "milk-drinks", "description": null, "icon": "", "icon_name": "cup-soda", "parent": 1, "created_at": "2026-01-25T06:28:23.945Z"}}, {"model": "products.category", "pk": 36, "fields": {"name": "Canned Fish", "slug": "canned-fish", "description": null, "icon": "", "icon_name": "container", "parent": 5, "created_at": "2026-01-25T06:28:23.948Z"}}, {"model": "products.category", "pk": 37, "fields": {"name": "Canned Meat", "slug": "canned-meat", "description": null, "icon": "", "icon_name": "container", "parent": 5, "created_at": "2026-01-25T06:28:23.950Z"}}, {"model": "products.category", "pk": 38, "fields": {"name": "Canned Fruits", "slug": "canned-fruits", "description": null, "icon": "", "icon_name": "container", "parent": 5, "created_at": "2026-01-25T06:28:23.952Z"}}, {"model": "products.category", "pk": 39, "fields": {"name": "Canned Vegetables", "slug": "canned-vegetables", "description": null, "icon": "", "icon_name": "container", "parent": 5, "created_at": "2026-01-25T06:28:23.954Z"}}, {"model": "products.category", "pk": 40, "fields": {"name": "Jams & Spreads", "slug": "jams-spreads", "description": null, "icon": "", "icon_name": "container", "parent": 5, "created_at": "2026-01-25T06:28:23.956Z"}}, {"model": "products.category", "pk": 41, "fields": {"name": "Instant & Ready-to-Eat", "slug": "instant-ready-to-eat", "description": null, "icon": "", "icon_name": "soup", "parent": null, "created_at": "2026-01-25T06:28:23.958Z"}}, {"model": "products.category", "pk": 42, "fields": {"name": "Instant Noodles", "slug": "instant-noodles", "description": null, "icon": "", "icon_name": "soup", "parent": 41, "created_at": "2026-01-25T06:28:23.962Z"}}, {"model": "products.category", "pk": 43, "fields": {"name": "Instant Soup", "slug": "instant-soup", "description": null, "icon": "", "icon_name": "soup", "parent": 41, "created_at": "2026-01-25T06:28:23.964Z"}}, {"model": "products.category", "pk": 44, "fields": {"name": "Instant Coffee", "slug": "instant-coffee", "description": null, "icon": "", "icon_name": "soup", "parent": 41, "created_at": "2026-01-25T06:28:23.967Z"}}, {"model": "products.category", "pk": 45, "fields": {"name": "Cup Noodles", "slug": "cup-noodles", "description": null, "icon": "", "icon_name": "soup", "parent": 41, "created_at": "2026-01-25T06:28:23.971Z"}}, {"model": "products.category", "pk": 46, "fields": {"name": "Ready-to-eat Meals", "slug": "ready-to-eat-meals", "description": null, "icon": "", "icon_name": "soup", "parent": 41, "created_at": "2026-01-25T06:28:23.973Z"}}, {"model": "products.category", "pk": 47, "fields": {"name": "Snacks & Sweets", "slug": "snacks-sweets", "description": null, "icon": "", "icon_name": "cookie", "parent": null, "created_at": "2026-01-25T06:28:23.976Z"}}, {"model": "products.category", "pk": 48, "fields": {"name": "Chips", "slug": "chips", "description": null, "icon": "", "icon_name": "cookie", "parent": 47, "created_at": "2026-01-25T06:28:23.978Z"}}, {"model": "products.category", "pk": 49, "fields": {"name": "Candies & Chocolates", "slug": "candies-chocolates", "description": null, "icon": "", "icon_name": "cookie", "parent": 47, "created_at": "2026-01-25T06:28:23.980Z"}}, {"model": "products.category", "pk": 50, "fields": {"name": "Nuts & Seeds", "slug": "nuts-seeds", "description": null, "icon": "", "icon_name": "cookie", "parent": 47, "created_at": "2026-01-25T06:28:23.982Z"}}, {"model": "products.category", "pk": 51, "fields": {"name": "Dried Fruits", "slug": "dried-fruits", "description": null, "icon": "", "icon_name": "cookie", "parent": 47, "created_at": "2026-01-25T06:28:23.984Z"}}, {"model": "products.category", "pk": 52, "fields": {"name": "Popcorn", "slug": "popcorn", "description": null, "icon": "", "icon_name": "cookie", "parent": 47, "created_at": "2026-01-25T06:28:23.987Z"}}, {"model": "products.category", "pk": 53, "fields": {"name": "Wafers", "slug": "wafers", "description": null, "icon": "", "icon_name": "cookie", "parent": 47, "created_at": "2026-01-25T06:28:23.989Z"}}, {"model": "products.category", "pk": 54, "fields": {"name": "Condiments & Sauces", "slug": "condiments-sauces", "description": null, "icon": "", "icon_name": "utensils-crossed", "parent": null, "created_at": "2026-01-25T06:28:23.991Z"}}, {"model": "products.category", "pk": 55, "fields": {"name": "Soy Sauce & Fish Sauce", "slug": "soy-sauce-fish-sauce", "description": null, "icon": "", "icon_name": "utensils-crossed", "parent": 54, "created_at": "2026-01-25T06:28:23.993Z"}}, {"model": "products.category", "pk": 56, "fields": {"name": "Vinegar", "slug": "vinegar", "description": null, "icon": "", "icon_name": "utensils-crossed", "parent": 54, "created_at": "2026-01-25T06:28:23.995Z"}}, {"model": "products.category", "pk": 57, "fields": {"name": "Cooking Oil", "slug": "cooking-oil", "description": null, "icon": "", "icon_name": "utensils-crossed", "parent": 54, "created_at": "2026-01-25T06:28:23.998Z"}}, {"model": "products.category", "pk": 58, "fields": {"name": "Ketchup", "slug": "ketchup", "description": null, "icon": "", "icon_name": "utensils-crossed", "parent": 54, "created_at": "2026-01-25T06:28:24.001Z"}}, {"model": "products.category", "pk": 59, "fields": {"name": "Hot Sauce", "slug": "hot-sauce", "description": null, "icon": "", "icon_name": "utensils-crossed", "parent": 54, "created_at": "2026-01-25T06:28:24.003Z"}}, {"model": "products.category", "pk": 60, "fields": {"name": "Seasoning Mixes", "slug": "seasoning-mixes", "description": null, "icon": "", "icon_name": "utensils-crossed", "parent": 54, "created_at": "2026-01-25T06:28:24.005Z"}}, {"model": "products.category", "pk": 61, "fields": {"name": "Salt & Sugar", "slug": "salt-sugar", "description": null, "icon": "", "icon_name": "utensils-crossed", "parent": 54, "created_at": "2026-01-25T06:28:24.008Z"}}, {"model": "products.category", "pk": 62, "fields": {"name": "Grains, Rice & Pasta", "slug": "grains-rice-pasta", "description": null, "icon": "", "icon_name": "wheat", "parent": null, "created_at": "2026-01-25T06:28:24.010Z"}}, {"model": "products.category", "pk": 63, "fields": {"name": "Rice", "slug": "rice", "description": null, "icon": "", "icon_name": "wheat", "parent": 62, "created_at": "2026-01-25T06:28:24.013Z"}}, {"model": "products.category", "pk": 64, "fields": {"name": "Pasta", "slug": "pasta", "description": null, "icon": "", "icon_name": "wheat", "parent": 62, "created_at": "2026-01-25T06:28:24.016Z"}}, {"model": "products.category", "pk": 65, "fields": {"name": "Flour", "slug": "flour", "description": null, "icon": "", "icon_name": "wheat", "parent": 62, "created_at": "2026-01-25T06:28:24.018Z"}}, {"model": "products.category", "pk": 66, "fields": {"name": "Cereals & Oats", "slug": "cereals-oats", "description": null, "icon": "", "icon_name": "wheat", "parent": 62, "created_at": "2026-01-25T06:28:24.020Z"}}, {"model": "products.category", "pk": 67, "fields": {"name": "Frozen Foods", "slug": "frozen-foods", "description": null, "icon": "", "icon_name": "snowflake", "parent": null, "created_at": "2026-01-25T06:28:24.022Z"}}, {"model": "products.category", "pk": 68, "fields": {"name": "Ice Cream", "slug": "ice-cream", "description": null, "icon": "", "icon_name": "snowflake", "parent": 67, "created_at": "2026-01-25T06:28:24.025Z"}}, {"model": "products.category", "pk": 69, "fields": {"name": "Frozen Vegetables", "slug": "frozen-vegetables", "description": null, "icon": "", "icon_name": "snowflake", "parent": 67, "created_at": "2026-01-25T06:28:24.027Z"}}, {"model": "products.category", "pk": 70, "fields": {"name": "Frozen Processed Foods", "slug": "frozen-processed-foods", "description": null, "icon": "", "icon_name": "snowflake", "parent": 67, "created_at": "2026-01-25T06:28:24.029Z"}}, {"model": "products.category", "pk": 71, "fields": {"name": "Frozen Desserts", "slug": "frozen-desserts", "description": null, "icon": "", "icon_name": "snowflake", "parent": 67, "created_at": "2026-01-25T06:28:24.031Z"}}, {"model": "products.category", "pk": 72, "fields": {"name": "Ice", "slug": "ice", "description": null, "icon": "", "icon_name": "snowflake", "parent": 67, "created_at": "2026-01-25T06:28:24.034Z"}}, {"model": "products.category", "pk": 73, "fields": {"name": "Personal Care", "slug": "personal-care", "description": null, "icon": "", "icon_name": "smile", "parent": null, "created_at": "2026-01-25T06:28:24.036Z"}}, {"model": "products.category", "pk": 74, "fields": {"name": "Bath Soap", "slug": "bath-soap", "description": null, "icon": "", "icon_name": "smile", "parent": 73, "created_at": "2026-01-25T06:28:24.038Z"}}, {"model": "products.category", "pk": 75, "fields": {"name": "Shampoo", "slug": "shampoo", "description": null, "icon": "", "icon_name": "smile", "parent": 73, "created_at": "2026-01-25T06:28:24.039Z"}}, {"model": "products.category", "pk": 76, "fields": {"name": "Toothpaste", "slug": "toothpaste", "description": null, "icon": "", "icon_name": "smile", "parent": 73, "created_at": "2026-01-25T06:28:24.043Z"}}, {"model": "products.category", "pk": 77, "fields": {"name": "Deodorant", "slug": "deodorant", "description": null, "icon": "", "icon_name": "smile", "parent": 73, "created_at": "2026-01-25T06:28:24.046Z"}}, {"model": "products.category", "pk": 78, "fields": {"name": "Feminine Care", "slug": "feminine-care", "description": null, "icon": "", "icon_name": "smile", "parent": 73, "created_at": "2026-01-25T06:28:24.048Z"}}, {"model": "products.category", "pk": 79, "fields": {"name": "Baby Care", "slug": "baby-care", "description": null, "icon": "", "icon_name": "smile", "parent": 73, "created_at": "2026-01-25T06:28:24.050Z"}}, {"model": "products.category", "pk": 80, "fields": {"name": "Skincare", "slug": "skincare", "description": null, "icon": "", "icon_name": "smile", "parent": 73, "created_at": "2026-01-25T06:28:24.052Z"}}, {"model": "products.category", "pk": 81, "fields": {"name": "Household", "slug": "household", "description": null, "icon": "", "icon_name": "home", "parent": null, "created_at": "2026-01-25T06:28:24.054Z"}}, {"model": "products.category", "pk": 82, "fields": {"name": "Detergent", "slug": "detergent", "description": null, "icon": "", "icon_name": "home", "parent": 81, "created_at": "2026-01-25T06:28:24.056Z"}}, {"model": "products.category", "pk": 83, "fields": {"name": "Fabric Softener", "slug": "fabric-softener", "description": null, "icon": "", "icon_name": "home", "parent": 81, "created_at": "2026-01-25T06:28:24.060Z"}}, {"model": "products.category", "pk": 84, "fields": {"name": "Dishwashing", "slug": "dishwashing", "description": null, "icon": "", "icon_name": "home", "parent": 81, "created_at": "2026-01-25T06:28:24.062Z"}}, {"model": "products.category", "pk": 85, "fields": {"name": "Cleaners", "slug": "cleaners", "description": null, "icon": "", "icon_name": "home", "parent": 81, "created_at": "2026-01-25T06:28:24.064Z"}}, {"model": "products.category", "pk": 86, "fields": {"name": "Air Fresheners", "slug": "air-fresheners", "description": null, "icon": "", "icon_name": "home", "parent": 81, "created_at": "2026-01-25T06:28:24.067Z"}}, {"model": "products.category", "pk": 87, "fields": {"name": "Tissue", "slug": "tissue", "description": null, "icon": "", "icon_name": "home", "parent": 81, "created_at": "2026-01-25T06:28:24.069Z"}}, {"model": "products.category", "pk": 88, "fields": {"name": "Trash Bags", "slug": "trash-bags", "description": null, "icon": "", "icon_name": "home", "parent": 81, "created_at": "2026-01-25T06:28:24.071Z"}}, {"model": "products.category", "pk": 89, "fields": {"name": "Health & Wellness", "slug": "health-wellness", "description": null, "icon": "", "icon_name": "heart-pulse", "parent": null, "created_at": "2026-01-25T06:28:24.073Z"}}, {"model": "products.category", "pk": 90, "fields": {"name": "Vitamins", "slug": "vitamins", "description": null, "icon": "", "icon_name": "heart-pulse", "parent": 89, "created_at": "2026-01-25T06:28:24.076Z"}}, {"model": "products.category", "pk": 91, "fields": {"name": "First Aid", "slug": "first-aid", "description": null, "icon": "", "icon_name": "heart-pulse", "parent": 89, "created_at": "2026-01-25T06:28:24.078Z"}}, {"model": "products.category", "pk": 92, "fields": {"name": "Medicine", "slug": "medicine", "description": null, "icon": "", "icon_name": "heart-pulse", "parent": 89, "created_at": "2026-01-25T06:28:24.080Z"}}, {"model": "products.category", "pk": 93, "fields": {"name": "Supplements", "slug": "supplements", "description": null, "icon": "", "icon_name": "heart-pulse", "parent": 89, "created_at": "2026-01-25T06:28:24.082Z"}}, {"model": "products.category", "pk": 94, "fields": {"name": "Pet Care", "slug": "pet-care", "description": null, "icon": "", "icon_name": "paw-print", "parent": null, "created_at": "2026-01-25T06:28:24.085Z"}}, {"model": "products.category", "pk": 95, "fields": {"name": "Dog Food", "slug": "dog-food", "description": null, "icon": "", "icon_name": "paw-print", "parent": 94, "created_at": "2026-01-25T06:28:24.086Z"}}, {"model": "products.category", "pk": 96, "fields": {"name": "Cat Food", "slug": "cat-food", "description": null, "icon": "", "icon_name": "paw-print", "parent": 94, "created_at": "2026-01-25T06:28:24.088Z"}}, {"model": "products.category", "pk": 97, "fields": {"name": "Treats", "slug": "treats", "description": null, "icon": "", "icon_name": "paw-print", "parent": 94, "created_at": "2026-01-25T06:28:24.090Z"}}, {"model": "products.category", "pk": 98, "fields": {"name": "Accessories", "slug": "accessories", "description": null, "icon": "", "icon_name": "paw-print", "parent": 94, "created_at": "2026-01-25T06:28:24.094Z"}}, {"model": "products.category", "pk": 99, "fields": {"name": "School & Office", "slug": "school-office", "description": null, "icon": "", "icon_name": "pencil", "parent": null, "created_at": "2026-01-25T06:28:24.096Z"}}, {"model": "products.category", "pk": 100, "fields": {"name": "Paper", "slug": "paper", "description": null, "icon": "", "icon_name": "pencil", "parent": 99, "created_at": "2026-01-25T06:28:24.098Z"}}, {"model": "products.category", "pk": 101, "fields": {"name": "Pens", "slug": "pens", "description": null, "icon": "", "icon_name": "pencil", "parent": 99, "created_at": "2026-01-25T06:28:24.101Z"}}, {"model": "products.category", "pk": 102, "fields": {"name": "Glue", "slug": "glue", "description": null, "icon": "", "icon_name": "pencil", "parent": 99, "created_at": "2026-01-25T06:28:24.102Z"}}, {"model": "products.category", "pk": 103, "fields": {"name": "Folders", "slug": "folders", "description": null, "icon": "", "icon_name": "pencil", "parent": 99, "created_at": "2026-01-25T06:28:24.104Z"}}, {"model": "products.category", "pk": 104, "fields": {"name": "Kitchenware", "slug": "kitchenware", "description": null, "icon": "", "icon_name": "chef-hat", "parent": null, "created_at": "2026-01-25T06:28:24.106Z"}}, {"model": "products.category", "pk": 105, "fields": {"name": "Containers", "slug": "containers", "description": null, "icon": "", "icon_name": "chef-hat", "parent": 104, "created_at": "2026-01-25T06:28:24.109Z"}}, {"model": "products.category", "pk": 106, "fields": {"name": "Disposables", "slug": "disposables", "description": null, "icon": "", "icon_name": "chef-hat", "parent": 104, "created_at": "2026-01-25T06:28:24.111Z"}}, {"model": "products.category", "pk": 107, "fields": {"name": "Utensils", "slug": "utensils", "description": null, "icon": "", "icon_name": "chef-hat", "parent": 104, "created_at": "2026-01-25T06:28:24.113Z"}}, {"model": "products.category", "pk": 108, "fields": {"name": "Foil & Wrap", "slug": "foil-wrap", "description": null, "icon": "", "icon_name": "chef-hat", "parent": 104, "created_at": "2026-01-25T06:28:24.115Z"}}, {"model": "products.category", "pk": 109, "fields": {"name": "Miscellaneous", "slug": "miscellaneous", "description": null, "icon": "", "icon_name": "box", "parent": null, "created_at": "2026-01-25T06:28:24.118Z"}}, {"model": "products.category", "pk": 110, "fields": {"name": "Batteries", "slug": "batteries", "description": null, "icon": "", "icon_name": "box", "parent": 109, "created_at": "2026-01-25T06:28:24.120Z"}}, {"model": "products.category", "pk": 111, "fields": {"name": "Candles", "slug": "candles", "description": null, "icon": "", "icon_name": "box", "parent": 109, "created_at": "2026-01-25T06:28:24.122Z"}}, {"model": "products.category", "pk": 112, "fields": {"name": "Light Bulbs", "slug": "light-bulbs", "description": null, "icon": "", "icon_name": "box", "parent": 109, "created_at": "2026-01-25T06:28:24.125Z"}}, {"model": "products.category", "pk": 113, "fields": {"name": "Charcoal", "slug": "charcoal", "description": null, "icon": "", "icon_name": "box", "parent": 109, "created_at": "2026-01-25T06:28:24.127Z"}}, {"model": "products.product", "pk": 1, "fields": {"sku": "BEV-001", "name": "Coca Cola 1.5L", "category": 1, "supplier": null, "description": "Sample description for Coca Cola 1.5L", "image": "products/MicrosoftTeams-image_142.webp", "cost_price": "45.00", "selling_price": "65.00", "tax_applicable": true, "current_stock": 40, "reorder_level": 10, "reorder_quantity": 20, "unit_of_measure": "pcs", "is_active": true, "created_at": "2026-01-25T06:09:53.884Z", "updated_at": "2026-03-25T15:56:55.774Z"}}, {"model": "products.product", "pk": 2, "fields": {"sku": "4800016115011", "name": "Mang Juan Chik'n Skin 17g", "category": 2, "supplier": null, "description": "Mang Juan Chik'n Skin 17g", "image": "products/MAN10-sm.jpg", "cost_price": "12.00", "selling_price": "15.00", "tax_applicable": true, "current_stock": 16, "reorder_level": 10, "reorder_quantity": 20, "unit_of_measure": "pcs", "is_active": true, "created_at": "2026-01-25T06:09:53.886Z", "updated_at": "2026-04-11T00:40:11.377Z"}}, {"model": "products.product", "pk": 3, "fields": {"sku": "DAI-001", "name": "Full Cream Milk 1L", "category": 3, "supplier": null, "description": "Sample description for Full Cream Milk 1L", "image": "products/Full_Cream_Milk_1L.png", "cost_price": "100.00", "selling_price": "120.00", "tax_applicable": true, "current_stock": 37, "reorder_level": 10, "reorder_quantity": 20, "unit_of_measure": "pcs", "is_active": true, "created_at": "2026-01-25T06:09:53.888Z", "updated_at": "2026-03-25T15:57:24.974Z"}}, {"model": "products.product", "pk": 4, "fields": {"sku": "PRO-001", "name": "Red Apples (kg)", "category": 4, "supplier": null, "description": "Red Apples from Bacolod", "image": "products/Apples_mjpVgxX.png", "cost_price": "104.00", "selling_price": "130.00", "tax_applicable": true, "current_stock": 36, "reorder_level": 10, "reorder_quantity": 20, "unit_of_measure": "pcs", "is_active": true, "created_at": "2026-01-25T06:09:53.890Z", "updated_at": "2026-03-26T07:22:07.540Z"}}, {"model": "products.product", "pk": 5, "fields": {"sku": "CAN-001", "name": "Argentina Corned Beef 150g", "category": 5, "supplier": null, "description": "Argentina Corned Beef 150g", "image": "products/ARG42-sm.jpg", "cost_price": "34.20", "selling_price": "45.00", "tax_applicable": true, "current_stock": 15, "reorder_level": 10, "reorder_quantity": 20, "unit_of_measure": "pcs", "is_active": true, "created_at": "2026-01-25T06:09:53.893Z", "updated_at": "2026-04-07T13:05:57.972Z"}}, {"model": "products.product", "pk": 6, "fields": {"sku": "BEV-002", "name": "Vitamilk Double Choco 300mL", "category": 1, "supplier": null, "description": "Vitamilk Double Choco 300mL", "image": "products/VIT45-sm.jpg", "cost_price": "31.20", "selling_price": "40.00", "tax_applicable": true, "current_stock": 21, "reorder_level": 10, "reorder_quantity": 20, "unit_of_measure": "pcs", "is_active": true, "created_at": "2026-01-25T06:09:53.896Z", "updated_at": "2026-03-26T07:14:01.241Z"}}, {"model": "products.product", "pk": 7, "fields": {"sku": "SNK-002", "name": "Goya Milk Chocolate 40g", "category": 2, "supplier": null, "description": "Goya Milk Chocolate 40g", "image": "products/Goya_Milk_Chocolate_40g.png", "cost_price": "15.00", "selling_price": "25.00", "tax_applicable": true, "current_stock": 6, "reorder_level": 10, "reorder_quantity": 20, "unit_of_measure": "pcs", "is_active": true, "created_at": "2026-01-25T06:09:53.898Z", "updated_at": "2026-03-25T15:57:08.407Z"}}, {"model": "products.product", "pk": 8, "fields": {"sku": "DAI-002", "name": "Kraft Cheddar Cheese Block", "category": 3, "supplier": null, "description": "Kraft Cheddar Cheese Block", "image": "products/Kraft_Cheddar_Cheese_Block.png", "cost_price": "3.00", "selling_price": "6.50", "tax_applicable": true, "current_stock": 41, "reorder_level": 10, "reorder_quantity": 20, "unit_of_measure": "pcs", "is_active": true, "created_at": "2026-01-25T06:09:53.901Z", "updated_at": "2026-03-25T15:10:42.873Z"}}, {"model": "products.product", "pk": 9, "fields": {"sku": "PRO-002", "name": "Bananas (kg)", "category": 4, "supplier": null, "description": "Bananas from Bacolod", "image": "products/Bananas.png", "cost_price": "90.00", "selling_price": "110.00", "tax_applicable": true, "current_stock": 20, "reorder_level": 10, "reorder_quantity": 20, "unit_of_measure": "pcs", "is_active": true, "created_at": "2026-01-25T06:09:53.903Z", "updated_at": "2026-03-25T15:55:43.359Z"}}, {"model": "products.product", "pk": 10, "fields": {"sku": "CAN-002", "name": "Century Tuna Hot & Spicy 155g", "category": 5, "supplier": null, "description": "Century Tuna Hot & Spicy 155g", "image": "products/CEN43-sm.jpg", "cost_price": "36.40", "selling_price": "45.00", "tax_applicable": true, "current_stock": 10, "reorder_level": 10, "reorder_quantity": 20, "unit_of_measure": "pcs", "is_active": true, "created_at": "2026-01-25T06:09:53.905Z", "updated_at": "2026-03-26T07:25:02.823Z"}}, {"model": "products.product", "pk": 11, "fields": {"sku": "BEV-003", "name": "Sprite Zero Can 320ml", "category": 29, "supplier": 1, "description": "Sprite Zero Can 320ml", "image": "products/SPR09-sm_N73tkHy.jpg", "cost_price": "34.20", "selling_price": "42.00", "tax_applicable": true, "current_stock": 11, "reorder_level": 10, "reorder_quantity": 20, "unit_of_measure": "pcs", "is_active": true, "created_at": "2026-01-25T06:28:24.133Z", "updated_at": "2026-03-27T08:21:33.482Z"}}, {"model": "products.product", "pk": 12, "fields": {"sku": "BEV-004", "name": "Royal True Orange 1.5L", "category": 29, "supplier": 1, "description": "Royal True Orange 1.5L", "image": "products/ROY21-sm_Be30FEL.jpg", "cost_price": "65.70", "selling_price": "80.00", "tax_applicable": true, "current_stock": 35, "reorder_level": 10, "reorder_quantity": 20, "unit_of_measure": "pcs", "is_active": true, "created_at": "2026-01-25T06:28:24.136Z", "updated_at": "2026-03-27T08:29:26.366Z"}}, {"model": "products.product", "pk": 13, "fields": {"sku": "BEV-005", "name": "Pepsi Zero Can 320mL", "category": 29, "supplier": 3, "description": "Pepsi Zero Can 320mL", "image": "products/PEP10-sm.jpg", "cost_price": "31.50", "selling_price": "40.00", "tax_applicable": true, "current_stock": 46, "reorder_level": 10, "reorder_quantity": 20, "unit_of_measure": "pcs", "is_active": true, "created_at": "2026-01-25T06:28:24.138Z", "updated_at": "2026-03-27T08:42:01.112Z"}}, {"model": "products.product", "pk": 14, "fields": {"sku": "BEV-006", "name": "Mountain Dew 1.5L", "category": 29, "supplier": 3, "description": "Standard Mountain Dew 1.5L", "image": "products/Mountain_Dew_1.5L.png", "cost_price": "42.00", "selling_price": "60.00", "tax_applicable": true, "current_stock": 24, "reorder_level": 10, "reorder_quantity": 20, "unit_of_measure": "pcs", "is_active": true, "created_at": "2026-01-25T06:28:24.142Z", "updated_at": "2026-03-27T07:36:16.572Z"}}, {"model": "products.product", "pk": 15, "fields": {"sku": "BEV-007", "name": "C2 Green Tea Apple 1L", "category": 30, "supplier": 1, "description": "Standard C2 Green Tea Apple 1L", "image": "products/C2_Green_Tea_Apple_1L.png", "cost_price": "24.50", "selling_price": "35.00", "tax_applicable": true, "current_stock": 33, "reorder_level": 10, "reorder_quantity": 20, "unit_of_measure": "pcs", "is_active": true, "created_at": "2026-01-25T06:28:24.145Z", "updated_at": "2026-04-10T07:15:28.853Z"}}, {"model": "products.product", "pk": 16, "fields": {"sku": "BEV-008", "name": "Zest-O Strawberry 200ml", "category": 30, "supplier": 1, "description": "Zest-O Strawberry 200ml", "image": "products/Zest-O_IT8JxPK.png", "cost_price": "8.30", "selling_price": "15.00", "tax_applicable": true, "current_stock": 49, "reorder_level": 10, "reorder_quantity": 20, "unit_of_measure": "pcs", "is_active": true, "created_at": "2026-01-25T06:28:24.148Z", "updated_at": "2026-03-27T08:11:45.075Z"}}, {"model": "products.product", "pk": 17, "fields": {"sku": "BEV-009", "name": "Minute Maid Orange 1L", "category": 30, "supplier": null, "description": "Standard Minute Maid Orange 1L", "image": "products/Minute_Maid_Orange_1L.png", "cost_price": "35.00", "selling_price": "50.00", "tax_applicable": true, "current_stock": 9, "reorder_level": 10, "reorder_quantity": 20, "unit_of_measure": "pcs", "is_active": true, "created_at": "2026-01-25T06:28:24.151Z", "updated_at": "2026-03-27T07:36:01.445Z"}}, {"model": "products.product", "pk": 18, "fields": {"sku": "BEV-010", "name": "Del Monte Pineapple Juice 1L", "category": 30, "supplier": 10, "description": "Standard Del Monte Pineapple Juice 1L", "image": "products/Del_Monte_Pineapple_Juice_1L.png", "cost_price": "59.50", "selling_price": "85.00", "tax_applicable": true, "current_stock": 9, "reorder_level": 10, "reorder_quantity": 20, "unit_of_measure": "pcs", "is_active": true, "created_at": "2026-01-25T06:28:24.153Z", "updated_at": "2026-03-25T15:14:12.123Z"}}, {"model": "products.product", "pk": 19, "fields": {"sku": "BEV-011", "name": "Tropicana Juice Drink 1L", "category": 30, "supplier": null, "description": "Tropicana Juice Drink 1L", "image": "products/Tropicana_unbXOsU.png", "cost_price": "56.90", "selling_price": "70.00", "tax_applicable": true, "current_stock": 5, "reorder_level": 10, "reorder_quantity": 20, "unit_of_measure": "pcs", "is_active": true, "created_at": "2026-01-25T06:28:24.156Z", "updated_at": "2026-03-27T08:15:03.294Z"}}, {"model": "products.product", "pk": 20, "fields": {"sku": "BEV-012", "name": "Nature's Spring Distilled Water 500ml", "category": 31, "supplier": null, "description": "Standard Nature's Spring Distilled Water 500ml", "image": "products/Natures_Spring_Distilled_Water_500ml.png", "cost_price": "7.00", "selling_price": "10.00", "tax_applicable": true, "current_stock": 10, "reorder_level": 10, "reorder_quantity": 20, "unit_of_measure": "pcs", "is_active": true, "created_at": "2026-01-25T06:28:24.160Z", "updated_at": "2026-03-27T07:36:37.461Z"}}, {"model": "products.product", "pk": 21, "fields": {"sku": "BEV-013", "name": "Summit Drinking Water 500mL", "category": 31, "supplier": null, "description": "Summit Drinking Water 500mL", "image": "products/SUM06-sm_PoGf2zd.jpg", "cost_price": "10.20", "selling_price": "15.00", "tax_applicable": true, "current_stock": 45, "reorder_level": 10, "reorder_quantity": 20, "unit_of_measure": "pcs", "is_active": true, "created_at": "2026-01-25T06:28:24.163Z", "updated_at": "2026-03-27T08:19:49.217Z"}}, {"model": "products.product", "pk": 22, "fields": {"sku": "BEV-014", "name": "Absolute Distilled Drinking Water 350ml", "category": 31, "supplier": 1, "description": "Standard Absolute Distilled Drinking Water 350ml", "image": "products/Absolute_Distilled_Drinking_Water_350ml.png", "cost_price": "10.00", "selling_price": "15.00", "tax_applicable": true, "current_stock": 4, "reorder_level": 10, "reorder_quantity": 20, "unit_of_measure": "pcs", "is_active": true, "created_at": "2026-01-25T06:28:24.166Z", "updated_at": "2026-04-04T07:55:23.040Z"}}, {"model": "products.product", "pk": 23, "fields": {"sku": "BEV-015", "name": "Nescafe 3-in-1 Original 28g", "category": 32, "supplier": 2, "description": "Standard Nescafe 3-in-1 Original 28g", "image": "products/Nescafe_3-in-1_Original_28g.png", "cost_price": "5.60", "selling_price": "8.00", "tax_applicable": true, "current_stock": 46, "reorder_level": 10, "reorder_quantity": 20, "unit_of_measure": "pcs", "is_active": true, "created_at": "2026-01-25T06:28:24.169Z", "updated_at": "2026-03-27T07:36:50.128Z"}}, {"model": "products.product", "pk": 24, "fields": {"sku": "BEV-016", "name": "Great Taste White Coffee 30g", "category": 32, "supplier": 1, "description": "Standard Great Taste White Coffee 30g", "image": "products/Great_Taste_White_Coffee_30g.png", "cost_price": "6.30", "selling_price": "9.00", "tax_applicable": true, "current_stock": 41, "reorder_level": 10, "reorder_quantity": 20, "unit_of_measure": "pcs", "is_active": true, "created_at": "2026-01-25T06:28:24.171Z", "updated_at": "2026-03-27T07:26:26.229Z"}}, {"model": "products.product", "pk": 25, "fields": {"sku": "BEV-017", "name": "Kopiko Brown Coffee 30g", "category": 32, "supplier": null, "description": "Standard Kopiko Brown Coffee 30g", "image": "products/Kopiko_Brown_Coffee_30g.png", "cost_price": "5.95", "selling_price": "8.50", "tax_applicable": true, "current_stock": 9, "reorder_level": 10, "reorder_quantity": 20, "unit_of_measure": "pcs", "is_active": true, "created_at": "2026-01-25T06:28:24.175Z", "updated_at": "2026-03-27T07:30:06.494Z"}}, {"model": "products.product", "pk": 26, "fields": {"sku": "BEV-018", "name": "Milo Chocolate Drink Powder 300g", "category": 35, "supplier": 2, "description": "Standard Milo Chocolate Drink Powder 300g", "image": "products/Milo_Chocolate_Drink_Powder_300g.png", "cost_price": "115.50", "selling_price": "165.00", "tax_applicable": true, "current_stock": 46, "reorder_level": 10, "reorder_quantity": 20, "unit_of_measure": "pcs", "is_active": true, "created_at": "2026-01-25T06:28:24.177Z", "updated_at": "2026-03-27T07:35:32.327Z"}}, {"model": "products.product", "pk": 27, "fields": {"sku": "BEV-019", "name": "Bear Brand Powdered Milk Drink 300g", "category": 35, "supplier": 2, "description": "Standard Bear Brand Powdered Milk Drink 300g", "image": "products/Bear-Brand-Fortified-Milk-with-Iron-320g-30g-FREE.webp", "cost_price": "129.50", "selling_price": "185.00", "tax_applicable": true, "current_stock": 10, "reorder_level": 10, "reorder_quantity": 20, "unit_of_measure": "pcs", "is_active": true, "created_at": "2026-01-25T06:28:24.180Z", "updated_at": "2026-01-29T03:59:04.927Z"}}, {"model": "products.product", "pk": 28, "fields": {"sku": "BEV-020", "name": "Birch Tree Powdered Milk 150g", "category": 35, "supplier": null, "description": "Standard Birch Tree Powdered Milk 150g", "image": "products/Birch_Tree_Powdered_Milk_150g.png", "cost_price": "66.50", "selling_price": "95.00", "tax_applicable": true, "current_stock": 16, "reorder_level": 10, "reorder_quantity": 20, "unit_of_measure": "pcs", "is_active": true, "created_at": "2026-01-25T06:28:24.183Z", "updated_at": "2026-03-25T15:07:53.657Z"}}, {"model": "products.product", "pk": 29, "fields": {"sku": "BEV-021", "name": "Alaska Powdered Milk 300g", "category": 35, "supplier": 9, "description": "Standard Alaska Powdered Milk 300g", "image": "products/Alaska_Powdered_Milk_300g.png", "cost_price": "122.50", "selling_price": "175.00", "tax_applicable": true, "current_stock": 35, "reorder_level": 10, "reorder_quantity": 20, "unit_of_measure": "pcs", "is_active": true, "created_at": "2026-01-25T06:28:24.185Z", "updated_at": "2026-04-04T07:44:16.729Z"}}, {"model": "products.product", "pk": 30, "fields": {"sku": "BEV-022", "name": "Red Bull Energy Drink 150mL", "category": 33, "supplier": null, "description": "Red Bull Energy Drink 150mL", "image": "products/RED09-sm_U54mgsE.jpg", "cost_price": "35.69", "selling_price": "45.00", "tax_applicable": true, "current_stock": 50, "reorder_level": 10, "reorder_quantity": 20, "unit_of_measure": "pcs", "is_active": true, "created_at": "2026-01-25T06:28:24.188Z", "updated_at": "2026-03-27T08:33:33.799Z"}}, {"model": "products.product", "pk": 31, "fields": {"sku": "BEV-023", "name": "Sting Energy Drink 320ml", "category": 33, "supplier": 3, "description": "Sting Energy Drink 320ml", "image": "products/STI42-sm_9EBcfRH.jpg", "cost_price": "19.10", "selling_price": "25.00", "tax_applicable": true, "current_stock": 9, "reorder_level": 10, "reorder_quantity": 20, "unit_of_measure": "pcs", "is_active": true, "created_at": "2026-01-25T06:28:24.191Z", "updated_at": "2026-03-27T08:20:23.886Z"}}, {"model": "products.product", "pk": 32, "fields": {"sku": "BEV-024", "name": "Cobra Energy Drink 350ml", "category": 33, "supplier": 5, "description": "Standard Cobra Energy Drink 350ml", "image": "products/Cobra_Energy_Drink_350ml.png", "cost_price": "19.60", "selling_price": "28.00", "tax_applicable": true, "current_stock": 49, "reorder_level": 10, "reorder_quantity": 20, "unit_of_measure": "pcs", "is_active": true, "created_at": "2026-01-25T06:28:24.194Z", "updated_at": "2026-03-25T15:12:15.773Z"}}, {"model": "products.product", "pk": 33, "fields": {"sku": "BEV-025", "name": "San Miguel Beer Can 330mL", "category": 34, "supplier": 3, "description": "San Miguel Beer Can 330mL", "image": "products/SAN03-sm_TuEc3ae.jpg", "cost_price": "53.60", "selling_price": "65.00", "tax_applicable": true, "current_stock": 37, "reorder_level": 10, "reorder_quantity": 20, "unit_of_measure": "pcs", "is_active": true, "created_at": "2026-01-25T06:28:24.197Z", "updated_at": "2026-03-27T08:27:10.708Z"}}, {"model": "products.product", "pk": 34, "fields": {"sku": "BEV-026", "name": "Red Horse Beer Can 330mL", "category": 34, "supplier": 3, "description": "Red Horse Beer Can 330mL", "image": "products/RED08-sm_5ER54PA.jpg", "cost_price": "53.80", "selling_price": "65.00", "tax_applicable": true, "current_stock": 6, "reorder_level": 10, "reorder_quantity": 20, "unit_of_measure": "pcs", "is_active": true, "created_at": "2026-01-25T06:28:24.199Z", "updated_at": "2026-03-27T08:32:54.597Z"}}, {"model": "products.product", "pk": 35, "fields": {"sku": "BEV-027", "name": "San Miguel Beer Light Can 330ml", "category": 34, "supplier": 3, "description": "San Miguel Beer Light Can 330ml", "image": "products/SAN08-sm_6f8Qafm.jpg", "cost_price": "53.60", "selling_price": "65.00", "tax_applicable": true, "current_stock": 47, "reorder_level": 10, "reorder_quantity": 20, "unit_of_measure": "pcs", "is_active": true, "created_at": "2026-01-25T06:28:24.202Z", "updated_at": "2026-03-27T08:27:40.285Z"}}, {"model": "products.product", "pk": 36, "fields": {"sku": "BEV-028", "name": "Emperador Light Brandy 350ml", "category": 34, "supplier": null, "description": "Standard Emperador Light Brandy 350ml", "image": "products/Emperador_Light_Brandy_350ml.png", "cost_price": "59.50", "selling_price": "85.00", "tax_applicable": true, "current_stock": 20, "reorder_level": 10, "reorder_quantity": 20, "unit_of_measure": "pcs", "is_active": true, "created_at": "2026-01-25T06:28:24.205Z", "updated_at": "2026-04-10T07:15:28.850Z"}}, {"model": "products.product", "pk": 37, "fields": {"sku": "BEV-029", "name": "Tanduay Light 375mL", "category": 34, "supplier": null, "description": "Tanduay Light 375mL", "image": "products/TAN11-sm_4Zro3Wl.jpg", "cost_price": "65.10", "selling_price": "85.00", "tax_applicable": true, "current_stock": 29, "reorder_level": 10, "reorder_quantity": 20, "unit_of_measure": "pcs", "is_active": true, "created_at": "2026-01-25T06:28:24.208Z", "updated_at": "2026-03-27T08:17:50.172Z"}}, {"model": "products.product", "pk": 38, "fields": {"sku": "CAN-003", "name": "Ligo Sardines Red 155g", "category": 36, "supplier": null, "description": "Standard Ligo Sardines Red 155g", "image": "products/Ligo_Sardines_Red_155g.png", "cost_price": "14.00", "selling_price": "20.00", "tax_applicable": true, "current_stock": 47, "reorder_level": 10, "reorder_quantity": 20, "unit_of_measure": "pcs", "is_active": true, "created_at": "2026-01-25T06:28:24.212Z", "updated_at": "2026-03-27T07:31:57.688Z"}}, {"model": "products.product", "pk": 39, "fields": {"sku": "CAN-004", "name": "Mega Sardines Green 155g", "category": 36, "supplier": null, "description": "Standard Mega Sardines Green 155g", "image": "products/Mega_Sardines_Green_155g.png", "cost_price": "11.20", "selling_price": "16.00", "tax_applicable": true, "current_stock": 43, "reorder_level": 10, "reorder_quantity": 20, "unit_of_measure": "pcs", "is_active": true, "created_at": "2026-01-25T06:28:24.215Z", "updated_at": "2026-03-27T07:35:17.459Z"}}, {"model": "products.product", "pk": 40, "fields": {"sku": "CAN-005", "name": "Argentina Beef Loaf 170g", "category": 37, "supplier": null, "description": "Argentina Beef Loaf 170g", "image": "products/ARG18-sm.jpg", "cost_price": "24.90", "selling_price": "30.00", "tax_applicable": true, "current_stock": 2, "reorder_level": 10, "reorder_quantity": 20, "unit_of_measure": "pcs", "is_active": true, "created_at": "2026-01-25T06:28:24.218Z", "updated_at": "2026-04-04T07:44:16.735Z"}}, {"model": "products.product", "pk": 41, "fields": {"sku": "CAN-006", "name": "Purefoods Corned Beef 150g", "category": 37, "supplier": 3, "description": "Purefoods Corned Beef 150g", "image": "products/PUR48-sm.jpg", "cost_price": "85.40", "selling_price": "103.00", "tax_applicable": true, "current_stock": 14, "reorder_level": 10, "reorder_quantity": 20, "unit_of_measure": "pcs", "is_active": true, "created_at": "2026-01-25T06:28:24.220Z", "updated_at": "2026-03-27T08:35:17.234Z"}}, {"model": "products.product", "pk": 42, "fields": {"sku": "CAN-007", "name": "CDO Liver Spread 85g", "category": 37, "supplier": 4, "description": "Standard CDO Liver Spread 85g", "image": "products/CDO_Liver_Spread_85g.png", "cost_price": "15.40", "selling_price": "22.00", "tax_applicable": true, "current_stock": 23, "reorder_level": 10, "reorder_quantity": 20, "unit_of_measure": "pcs", "is_active": true, "created_at": "2026-01-25T06:28:24.223Z", "updated_at": "2026-03-25T15:09:07.840Z"}}, {"model": "products.product", "pk": 43, "fields": {"sku": "CAN-008", "name": "Reno Liver Spread 85g", "category": 37, "supplier": null, "description": "Reno Liver Spread 85g", "image": "products/Reno_azyPRuQ.png", "cost_price": "28.40", "selling_price": "36.00", "tax_applicable": true, "current_stock": 6, "reorder_level": 10, "reorder_quantity": 20, "unit_of_measure": "pcs", "is_active": true, "created_at": "2026-01-25T06:28:24.226Z", "updated_at": "2026-03-27T08:32:04.227Z"}}, {"model": "products.product", "pk": 44, "fields": {"sku": "CAN-009", "name": "SPAM Less Sodium 12oz", "category": 37, "supplier": null, "description": "SPAM Less Sodium 12oz", "image": "products/SPA14-sm_czo63Ky.jpg", "cost_price": "212.50", "selling_price": "255.00", "tax_applicable": true, "current_stock": 16, "reorder_level": 10, "reorder_quantity": 20, "unit_of_measure": "pcs", "is_active": true, "created_at": "2026-01-25T06:28:24.228Z", "updated_at": "2026-03-27T08:22:14.778Z"}}, {"model": "products.product", "pk": 45, "fields": {"sku": "CAN-010", "name": "Ma Ling Luncheon Meat 340g", "category": 37, "supplier": null, "description": "Standard Ma Ling Luncheon Meat 340g", "image": "products/Ma_Ling_Luncheon_Meat_340g.png", "cost_price": "66.50", "selling_price": "95.00", "tax_applicable": true, "current_stock": 48, "reorder_level": 10, "reorder_quantity": 20, "unit_of_measure": "pcs", "is_active": true, "created_at": "2026-01-25T06:28:24.231Z", "updated_at": "2026-03-27T07:33:29.967Z"}}, {"model": "products.product", "pk": 46, "fields": {"sku": "CAN-011", "name": "Argentina Vienna Sausage 260g", "category": 37, "supplier": 4, "description": "Argentina Vienna Sausage 260g", "image": "products/ARG14-sm_o2I66De.jpg", "cost_price": "51.02", "selling_price": "65.00", "tax_applicable": true, "current_stock": 35, "reorder_level": 10, "reorder_quantity": 20, "unit_of_measure": "pcs", "is_active": true, "created_at": "2026-01-25T06:28:24.234Z", "updated_at": "2026-03-27T08:23:22.130Z"}}, {"model": "products.product", "pk": 47, "fields": {"sku": "CAN-012", "name": "CDO Meat Loaf 150g", "category": 37, "supplier": 4, "description": "Standard CDO Meat Loaf 150g", "image": "products/CDO_Meat_Loaf_150g.png", "cost_price": "24.50", "selling_price": "35.00", "tax_applicable": true, "current_stock": 39, "reorder_level": 10, "reorder_quantity": 20, "unit_of_measure": "pcs", "is_active": true, "created_at": "2026-01-25T06:28:24.236Z", "updated_at": "2026-03-25T15:09:19.715Z"}}, {"model": "products.product", "pk": 48, "fields": {"sku": "CAN-013", "name": "Del Monte Fruit Cocktail 432g", "category": 38, "supplier": 10, "description": "Standard Del Monte Fruit Cocktail 432g", "image": "products/Del_Monte_Fruit_Cocktail_432g.png", "cost_price": "59.50", "selling_price": "85.00", "tax_applicable": true, "current_stock": 18, "reorder_level": 10, "reorder_quantity": 20, "unit_of_measure": "pcs", "is_active": true, "created_at": "2026-01-25T06:28:24.239Z", "updated_at": "2026-04-10T07:15:28.844Z"}}, {"model": "products.product", "pk": 49, "fields": {"sku": "CAN-014", "name": "Dole Pineapple Chunks 227g", "category": 38, "supplier": null, "description": "Standard Dole Pineapple Chunks 227g", "image": "products/Dole_Pineapple_Chunks_227g.png", "cost_price": "38.50", "selling_price": "55.00", "tax_applicable": true, "current_stock": 42, "reorder_level": 10, "reorder_quantity": 20, "unit_of_measure": "pcs", "is_active": true, "created_at": "2026-01-25T06:28:24.242Z", "updated_at": "2026-03-25T15:15:46.390Z"}}, {"model": "products.product", "pk": 50, "fields": {"sku": "CAN-015", "name": "Del Monte Whole Kernel Corn 432g", "category": 39, "supplier": 10, "description": "Standard Del Monte Whole Kernel Corn 432g", "image": "products/Del_Monte_Whole_Kernel_Corn_432g.png", "cost_price": "45.50", "selling_price": "65.00", "tax_applicable": true, "current_stock": 28, "reorder_level": 10, "reorder_quantity": 20, "unit_of_measure": "pcs", "is_active": true, "created_at": "2026-01-25T06:28:24.245Z", "updated_at": "2026-03-25T15:15:13.224Z"}}, {"model": "products.product", "pk": 51, "fields": {"sku": "CAN-016", "name": "Hunt's Pork & Beans 230g", "category": 39, "supplier": 1, "description": "Standard Hunt's Pork & Beans 230g", "image": "products/Hunts_Pork__Beans_230g.png", "cost_price": "22.40", "selling_price": "32.00", "tax_applicable": true, "current_stock": 13, "reorder_level": 10, "reorder_quantity": 20, "unit_of_measure": "pcs", "is_active": true, "created_at": "2026-01-25T06:28:24.247Z", "updated_at": "2026-03-27T07:27:31.979Z"}}, {"model": "products.product", "pk": 52, "fields": {"sku": "CAN-017", "name": "Jolly Mushroom Pieces & Stems 198g", "category": 39, "supplier": null, "description": "Standard Jolly Mushroom Pieces & Stems 198g", "image": "products/Jolly_Mushroom_Pieces__Stems_198g.png", "cost_price": "31.50", "selling_price": "45.00", "tax_applicable": true, "current_stock": 34, "reorder_level": 10, "reorder_quantity": 20, "unit_of_measure": "pcs", "is_active": true, "created_at": "2026-01-25T06:28:24.250Z", "updated_at": "2026-03-27T07:28:57.618Z"}}, {"model": "products.product", "pk": 53, "fields": {"sku": "CAN-018", "name": "Del Monte Tomato Sauce 250g", "category": 40, "supplier": 10, "description": "Standard Del Monte Tomato Sauce 250g", "image": "products/Del_Monte_Tomato_Sauce_250g.png", "cost_price": "19.60", "selling_price": "29.00", "tax_applicable": true, "current_stock": 37, "reorder_level": 10, "reorder_quantity": 20, "unit_of_measure": "pcs", "is_active": true, "created_at": "2026-01-25T06:28:24.253Z", "updated_at": "2026-03-25T15:59:27.297Z"}}, {"model": "products.product", "pk": 54, "fields": {"sku": "INS-001", "name": "Lucky Me Pancit Canton Original", "category": 42, "supplier": 6, "description": "Standard Lucky Me Pancit Canton Original", "image": "products/Lucky_Me_Pancit_Canton_Original.png", "cost_price": "12.00", "selling_price": "15.00", "tax_applicable": true, "current_stock": 19, "reorder_level": 10, "reorder_quantity": 20, "unit_of_measure": "pcs", "is_active": true, "created_at": "2026-01-25T06:28:24.255Z", "updated_at": "2026-04-10T13:11:36.712Z"}}, {"model": "products.product", "pk": 55, "fields": {"sku": "4807770270291", "name": "Lucky Me Pancit Canton Chilimansi", "category": 42, "supplier": 6, "description": "Standard Lucky Me Pancit Canton Chilimansi", "image": "products/Lucky_Me_Pancit_Canton_Chilimansi.png", "cost_price": "20.00", "selling_price": "25.00", "tax_applicable": true, "current_stock": 16, "reorder_level": 10, "reorder_quantity": 20, "unit_of_measure": "pcs", "is_active": true, "created_at": "2026-01-25T06:28:24.258Z", "updated_at": "2026-04-10T13:11:21.402Z"}}, {"model": "products.product", "pk": 56, "fields": {"sku": "4807770270017", "name": "Lucky Me Instant Mami Beef", "category": 43, "supplier": 6, "description": "Standard Lucky Me Instant Mami Beef", "image": "products/Lucky_Me_Instant_Mami_Beef.png", "cost_price": "12.00", "selling_price": "15.00", "tax_applicable": true, "current_stock": 30, "reorder_level": 10, "reorder_quantity": 20, "unit_of_measure": "pcs", "is_active": true, "created_at": "2026-01-25T06:28:24.261Z", "updated_at": "2026-04-10T13:10:54.549Z"}}, {"model": "products.product", "pk": 57, "fields": {"sku": "4807770270024", "name": "Lucky Me Instant Mami Chicken", "category": 43, "supplier": 6, "description": "Standard Lucky Me Instant Mami Chicken", "image": "products/Lucky_Me_Instant_Mami_Chicken.png", "cost_price": "12.00", "selling_price": "15.00", "tax_applicable": true, "current_stock": 8, "reorder_level": 10, "reorder_quantity": 20, "unit_of_measure": "pcs", "is_active": true, "created_at": "2026-01-25T06:28:24.264Z", "updated_at": "2026-04-10T13:11:03.451Z"}}, {"model": "products.product", "pk": 58, "fields": {"sku": "INS-005", "name": "Nissin Cup Noodles Beef", "category": 45, "supplier": 6, "description": "Standard Nissin Cup Noodles Beef", "image": "products/Nissin_Cup_Noodles_Beef.png", "cost_price": "17.50", "selling_price": "25.00", "tax_applicable": true, "current_stock": 16, "reorder_level": 10, "reorder_quantity": 20, "unit_of_measure": "pcs", "is_active": true, "created_at": "2026-01-25T06:28:24.266Z", "updated_at": "2026-03-27T07:37:10.260Z"}}, {"model": "products.product", "pk": 59, "fields": {"sku": "INS-006", "name": "Payless Pancit Canton 125g", "category": 42, "supplier": 1, "description": "Payless Pancit Canton 125g", "image": "products/PAY07-sm.jpg", "cost_price": "17.50", "selling_price": "25.00", "tax_applicable": true, "current_stock": 34, "reorder_level": 10, "reorder_quantity": 20, "unit_of_measure": "pcs", "is_active": true, "created_at": "2026-01-25T06:28:24.269Z", "updated_at": "2026-03-27T08:43:02.799Z"}}, {"model": "products.product", "pk": 60, "fields": {"sku": "INS-007", "name": "Nissin Yakisoba", "category": 42, "supplier": 6, "description": "Standard Nissin Yakisoba", "image": "products/Nissin_Yakisoba.png", "cost_price": "24.50", "selling_price": "35.00", "tax_applicable": true, "current_stock": 15, "reorder_level": 10, "reorder_quantity": 20, "unit_of_measure": "pcs", "is_active": true, "created_at": "2026-01-25T06:28:24.271Z", "updated_at": "2026-03-27T07:37:27.612Z"}}, {"model": "products.product", "pk": 61, "fields": {"sku": "INS-008", "name": "Korean Samyang Hot Chicken", "category": 42, "supplier": null, "description": "Standard Korean Samyang Hot Chicken", "image": "products/Korean_Samyang_Hot_Chicken.png", "cost_price": "45.50", "selling_price": "65.00", "tax_applicable": true, "current_stock": 30, "reorder_level": 10, "reorder_quantity": 20, "unit_of_measure": "pcs", "is_active": true, "created_at": "2026-01-25T06:28:24.274Z", "updated_at": "2026-03-27T07:30:21.405Z"}}, {"model": "products.product", "pk": 62, "fields": {"sku": "INS-009", "name": "Knorr Noodle Soup Chicken", "category": 43, "supplier": 7, "description": "Standard Knorr Noodle Soup Chicken", "image": "products/Knorr_Noodle_Soup_Chicken.png", "cost_price": "7.00", "selling_price": "10.00", "tax_applicable": true, "current_stock": 50, "reorder_level": 10, "reorder_quantity": 20, "unit_of_measure": "pcs", "is_active": true, "created_at": "2026-01-25T06:28:24.277Z", "updated_at": "2026-03-27T07:29:34.334Z"}}, {"model": "products.product", "pk": 63, "fields": {"sku": "INS-010", "name": "Maggi Magic Sarap 8g", "category": 60, "supplier": 2, "description": "Standard Maggi Magic Sarap 8g", "image": "products/Maggi_Magic_Sarap_8g.png", "cost_price": "2.10", "selling_price": "3.00", "tax_applicable": true, "current_stock": 16, "reorder_level": 10, "reorder_quantity": 20, "unit_of_measure": "pcs", "is_active": true, "created_at": "2026-01-25T06:28:24.280Z", "updated_at": "2026-03-27T07:33:53.458Z"}}, {"model": "products.product", "pk": 64, "fields": {"sku": "INS-011", "name": "Knorr Chicken Cube 10g", "category": 60, "supplier": 7, "description": "Standard Knorr Chicken Cube 10g", "image": "products/Knorr_Chicken_Cube_10g.png", "cost_price": "3.50", "selling_price": "5.00", "tax_applicable": true, "current_stock": 7, "reorder_level": 10, "reorder_quantity": 20, "unit_of_measure": "pcs", "is_active": true, "created_at": "2026-01-25T06:28:24.283Z", "updated_at": "2026-03-27T07:29:15.046Z"}}, {"model": "products.product", "pk": 65, "fields": {"sku": "INS-012", "name": "Knorr Sinigang sa Sampaloc Mix", "category": 60, "supplier": 7, "description": "Standard Knorr Sinigang sa Sampaloc Mix", "image": "products/Knorr_Sinigang_sa_Sampaloc_Mix.png", "cost_price": "5.60", "selling_price": "8.00", "tax_applicable": true, "current_stock": 24, "reorder_level": 10, "reorder_quantity": 20, "unit_of_measure": "pcs", "is_active": true, "created_at": "2026-01-25T06:28:24.285Z", "updated_at": "2026-03-27T07:29:50.687Z"}}, {"model": "products.product", "pk": 66, "fields": {"sku": "INS-013", "name": "Mama Sita's Caldereta Mix", "category": 60, "supplier": null, "description": "Standard Mama Sita's Caldereta Mix", "image": "products/Mama_Sitas_Caldereta_Mix.png", "cost_price": "10.50", "selling_price": "15.00", "tax_applicable": true, "current_stock": 33, "reorder_level": 10, "reorder_quantity": 20, "unit_of_measure": "pcs", "is_active": true, "created_at": "2026-01-25T06:28:24.288Z", "updated_at": "2026-03-27T07:34:28.255Z"}}, {"model": "products.product", "pk": 67, "fields": {"sku": "SNK-003", "name": "Nova Multigrain Snack 78g", "category": 48, "supplier": 1, "description": "Standard Nova Multigrain Snack 78g", "image": "products/Nova_Multigrain_Snack_78g.png", "cost_price": "12.60", "selling_price": "18.00", "tax_applicable": true, "current_stock": 48, "reorder_level": 10, "reorder_quantity": 20, "unit_of_measure": "pcs", "is_active": true, "created_at": "2026-01-25T06:28:24.294Z", "updated_at": "2026-03-27T07:37:45.482Z"}}, {"model": "products.product", "pk": 68, "fields": {"sku": "SNK-004", "name": "Oishi Prawn Crackers 24g", "category": 48, "supplier": null, "description": "Oishi Prawn Crackers 24g", "image": "products/OIS02-sm.jpg", "cost_price": "6.90", "selling_price": "10.00", "tax_applicable": true, "current_stock": 6, "reorder_level": 10, "reorder_quantity": 20, "unit_of_measure": "pcs", "is_active": true, "created_at": "2026-01-25T06:28:24.296Z", "updated_at": "2026-03-27T08:46:15.867Z"}}, {"model": "products.product", "pk": 69, "fields": {"sku": "SNK-005", "name": "Roller Coaster Cheddar & Cheese 24g", "category": 48, "supplier": 1, "description": "Roller Coaster Cheddar & Cheese 24g", "image": "products/ROL03-sm_fnCQMjO.jpg", "cost_price": "7.10", "selling_price": "10.00", "tax_applicable": true, "current_stock": 14, "reorder_level": 10, "reorder_quantity": 20, "unit_of_measure": "pcs", "is_active": true, "created_at": "2026-01-25T06:28:24.299Z", "updated_at": "2026-03-27T08:30:58.380Z"}}, {"model": "products.product", "pk": 70, "fields": {"sku": "SNK-006", "name": "V-Cut Spicy Barbecue 25g", "category": 48, "supplier": 1, "description": "V-Cut Spicy Barbecue 25g", "image": "products/V-Cut_eBgGwbv.png", "cost_price": "16.20", "selling_price": "20.00", "tax_applicable": true, "current_stock": 7, "reorder_level": 10, "reorder_quantity": 20, "unit_of_measure": "pcs", "is_active": true, "created_at": "2026-01-25T06:28:24.302Z", "updated_at": "2026-03-27T08:13:19.846Z"}}, {"model": "products.product", "pk": 71, "fields": {"sku": "SNK-007", "name": "Clover Chips Cheese 85g", "category": 48, "supplier": 1, "description": "Standard Clover Chips Cheese 85g", "image": "products/Clover_Chips_Cheese_85g.png", "cost_price": "17.50", "selling_price": "25.00", "tax_applicable": true, "current_stock": 24, "reorder_level": 10, "reorder_quantity": 20, "unit_of_measure": "pcs", "is_active": true, "created_at": "2026-01-25T06:28:24.304Z", "updated_at": "2026-03-25T15:12:04.666Z"}}, {"model": "products.product", "pk": 72, "fields": {"sku": "SNK-008", "name": "Lay's Classic 85g", "category": 48, "supplier": null, "description": "Standard Lay's Classic 85g", "image": "products/Lays_Classic_85g.png", "cost_price": "31.50", "selling_price": "45.00", "tax_applicable": true, "current_stock": 23, "reorder_level": 10, "reorder_quantity": 20, "unit_of_measure": "pcs", "is_active": true, "created_at": "2026-01-25T06:28:24.306Z", "updated_at": "2026-03-27T07:31:13.386Z"}}, {"model": "products.product", "pk": 73, "fields": {"sku": "SNK-009", "name": "Pringles Cheese 42g", "category": 48, "supplier": null, "description": "Pringles Cheese 42g", "image": "products/PRI11-sm.jpg", "cost_price": "42.05", "selling_price": "50.00", "tax_applicable": true, "current_stock": 17, "reorder_level": 10, "reorder_quantity": 20, "unit_of_measure": "pcs", "is_active": true, "created_at": "2026-01-25T06:28:24.310Z", "updated_at": "2026-03-27T08:36:17.817Z"}}, {"model": "products.product", "pk": 74, "fields": {"sku": "SNK-010", "name": "Jack 'n Jill Potato Chips", "category": 48, "supplier": 1, "description": "Standard Jack 'n Jill Potato Chips", "image": "products/Jack_n_Jill_Potato_Chips.png", "cost_price": "15.40", "selling_price": "22.00", "tax_applicable": true, "current_stock": 14, "reorder_level": 10, "reorder_quantity": 20, "unit_of_measure": "pcs", "is_active": true, "created_at": "2026-01-25T06:28:24.313Z", "updated_at": "2026-03-27T07:28:19.631Z"}}, {"model": "products.product", "pk": 75, "fields": {"sku": "SNK-011", "name": "Pillows Chocolate 38g", "category": 49, "supplier": null, "description": "Pillows Chocolate 38g", "image": "products/OIS103-sm.png", "cost_price": "8.40", "selling_price": "12.00", "tax_applicable": true, "current_stock": 46, "reorder_level": 10, "reorder_quantity": 20, "unit_of_measure": "pcs", "is_active": true, "created_at": "2026-01-25T06:28:24.316Z", "updated_at": "2026-03-27T08:40:59.605Z"}}, {"model": "products.product", "pk": 76, "fields": {"sku": "SNK-012", "name": "Rebisco Crackers 10s", "category": 28, "supplier": null, "description": "Rebisco Crackers 10s", "image": "products/REB56-sm.jpg", "cost_price": "57.60", "selling_price": "70.00", "tax_applicable": true, "current_stock": 27, "reorder_level": 10, "reorder_quantity": 20, "unit_of_measure": "pack", "is_active": true, "created_at": "2026-01-25T06:28:24.319Z", "updated_at": "2026-03-26T07:44:42.493Z"}}, {"model": "products.product", "pk": 77, "fields": {"sku": "750515018402", "name": "SkyFlakes Crackers", "category": 28, "supplier": 6, "description": "SkyFlakes Crackers", "image": "products/SKY15-sm.jpg", "cost_price": "7.00", "selling_price": "10.00", "tax_applicable": true, "current_stock": 23, "reorder_level": 10, "reorder_quantity": 20, "unit_of_measure": "pack", "is_active": true, "created_at": "2026-01-25T06:28:24.321Z", "updated_at": "2026-04-11T00:40:11.381Z"}}, {"model": "products.product", "pk": 78, "fields": {"sku": "SNK-014", "name": "Fita Crackers 10s", "category": 28, "supplier": 6, "description": "Fita Crackers 10s", "image": "products/Fita_Crackers_10s.png", "cost_price": "57.10", "selling_price": "70.00", "tax_applicable": true, "current_stock": 5, "reorder_level": 10, "reorder_quantity": 20, "unit_of_measure": "pack", "is_active": true, "created_at": "2026-01-25T06:28:24.324Z", "updated_at": "2026-03-26T07:44:25.669Z"}}, {"model": "products.product", "pk": 79, "fields": {"sku": "SNK-015", "name": "Cream-O Cookies 10s", "category": 28, "supplier": 1, "description": "Cream-O Cookies 10s", "image": "products/Cream-O_Chocolate_132g.png", "cost_price": "70.90", "selling_price": "85.00", "tax_applicable": true, "current_stock": 40, "reorder_level": 10, "reorder_quantity": 20, "unit_of_measure": "pack", "is_active": true, "created_at": "2026-01-25T06:28:24.328Z", "updated_at": "2026-03-26T07:44:16.768Z"}}, {"model": "products.product", "pk": 80, "fields": {"sku": "SNK-016", "name": "Oreo Cookies 12s", "category": 28, "supplier": null, "description": "Oreo Cookies 12s", "image": "products/ORE14-sm.jpg", "cost_price": "74.40", "selling_price": "90.00", "tax_applicable": true, "current_stock": 6, "reorder_level": 10, "reorder_quantity": 20, "unit_of_measure": "pack", "is_active": true, "created_at": "2026-01-25T06:28:24.331Z", "updated_at": "2026-03-26T07:44:32.886Z"}}, {"model": "products.product", "pk": 81, "fields": {"sku": "SNK-017", "name": "Choco Mucho 33g", "category": 49, "supplier": null, "description": "Standard Choco Mucho 33g", "image": "products/Choco_Mucho_33g.png", "cost_price": "8.40", "selling_price": "12.00", "tax_applicable": true, "current_stock": 34, "reorder_level": 10, "reorder_quantity": 20, "unit_of_measure": "pcs", "is_active": true, "created_at": "2026-01-25T06:28:24.333Z", "updated_at": "2026-03-25T15:11:02.692Z"}}, {"model": "products.product", "pk": 82, "fields": {"sku": "SNK-018", "name": "Flat Tops Chocolate 24s", "category": 49, "supplier": null, "description": "Standard Flat Tops Chocolate 24s", "image": "products/Flat_Tops_Chocolate_30s.png", "cost_price": "24.50", "selling_price": "35.00", "tax_applicable": true, "current_stock": 46, "reorder_level": 10, "reorder_quantity": 20, "unit_of_measure": "pcs", "is_active": true, "created_at": "2026-01-25T06:28:24.336Z", "updated_at": "2026-03-25T15:18:47.969Z"}}, {"model": "products.product", "pk": 83, "fields": {"sku": "SNK-019", "name": "Cadbury Dairy Milk 65g", "category": 49, "supplier": null, "description": "Standard Cadbury Dairy Milk 65g", "image": "products/Cadbury_Dairy_Milk_65g.png", "cost_price": "45.50", "selling_price": "65.00", "tax_applicable": true, "current_stock": 28, "reorder_level": 10, "reorder_quantity": 20, "unit_of_measure": "pcs", "is_active": true, "created_at": "2026-01-25T06:28:24.338Z", "updated_at": "2026-03-25T15:09:37.857Z"}}, {"model": "products.product", "pk": 84, "fields": {"sku": "SNK-020", "name": "Goya Milk Chocolate 40g", "category": 49, "supplier": null, "description": "Standard Goya Milk Chocolate 40g", "image": "products/Goya_White_Chocolate_40g.png", "cost_price": "17.50", "selling_price": "25.00", "tax_applicable": true, "current_stock": 6, "reorder_level": 10, "reorder_quantity": 20, "unit_of_measure": "pcs", "is_active": true, "created_at": "2026-01-25T06:28:24.341Z", "updated_at": "2026-03-27T07:26:07.131Z"}}, {"model": "products.product", "pk": 85, "fields": {"sku": "GRN-001", "name": "Sinandomeng Rice 1kg", "category": 63, "supplier": null, "description": "Standard Sinandomeng Rice 1kg", "image": "products/Sinandomeng_fOAc87V.png", "cost_price": "38.50", "selling_price": "55.00", "tax_applicable": true, "current_stock": 36, "reorder_level": 10, "reorder_quantity": 20, "unit_of_measure": "pcs", "is_active": true, "created_at": "2026-01-25T06:28:24.344Z", "updated_at": "2026-03-27T08:23:52.335Z"}}, {"model": "products.product", "pk": 86, "fields": {"sku": "GRN-002", "name": "Jasmine Rice 1kg", "category": 63, "supplier": null, "description": "Standard Jasmine Rice 1kg", "image": "products/Jasmine_Rice_1kg.png", "cost_price": "42.00", "selling_price": "60.00", "tax_applicable": true, "current_stock": 17, "reorder_level": 10, "reorder_quantity": 20, "unit_of_measure": "pcs", "is_active": true, "created_at": "2026-01-25T06:28:24.347Z", "updated_at": "2026-03-27T07:28:36.726Z"}}, {"model": "products.product", "pk": 87, "fields": {"sku": "GRN-003", "name": "Dinorado Rice 1kg", "category": 63, "supplier": null, "description": "Standard Dinorado Rice 1kg", "image": "products/Dinorado_Rice_1kg.png", "cost_price": "45.50", "selling_price": "65.00", "tax_applicable": true, "current_stock": 34, "reorder_level": 10, "reorder_quantity": 20, "unit_of_measure": "pcs", "is_active": true, "created_at": "2026-01-25T06:28:24.350Z", "updated_at": "2026-03-25T15:15:31.499Z"}}, {"model": "products.product", "pk": 88, "fields": {"sku": "GRN-004", "name": "Brown Rice 1kg", "category": 63, "supplier": null, "description": "Standard Brown Rice 1kg", "image": "products/Brown_Rice_1kg.png", "cost_price": "52.50", "selling_price": "75.00", "tax_applicable": true, "current_stock": 10, "reorder_level": 10, "reorder_quantity": 20, "unit_of_measure": "pcs", "is_active": true, "created_at": "2026-01-25T06:28:24.353Z", "updated_at": "2026-03-25T15:08:35.869Z"}}, {"model": "products.product", "pk": 89, "fields": {"sku": "GRN-005", "name": "Del Monte Spaghetti Pasta 900g", "category": 64, "supplier": 10, "description": "Standard Del Monte Spaghetti Pasta 900g", "image": "products/Del_Monte_Spaghetti_Pasta_900g.png", "cost_price": "59.50", "selling_price": "85.00", "tax_applicable": true, "current_stock": 11, "reorder_level": 10, "reorder_quantity": 20, "unit_of_measure": "pcs", "is_active": true, "created_at": "2026-01-25T06:28:24.355Z", "updated_at": "2026-03-25T15:14:24.622Z"}}, {"model": "products.product", "pk": 90, "fields": {"sku": "GRN-006", "name": "Royal Pasta Elbow Macaroni 1kg", "category": 64, "supplier": 1, "description": "Royal Pasta Elbow Macaroni 1kg", "image": "products/ROY30-sm_BKThWIN.jpg", "cost_price": "110.70", "selling_price": "135.00", "tax_applicable": true, "current_stock": 5, "reorder_level": 10, "reorder_quantity": 20, "unit_of_measure": "pcs", "is_active": true, "created_at": "2026-01-25T06:28:24.358Z", "updated_at": "2026-03-27T08:30:11.447Z"}}, {"model": "products.product", "pk": 91, "fields": {"sku": "GRN-007", "name": "Quaker Oats 400g", "category": 66, "supplier": null, "description": "Quaker Oats 400g", "image": "products/QUA44-sm.jpg", "cost_price": "72.10", "selling_price": "87.00", "tax_applicable": true, "current_stock": 46, "reorder_level": 10, "reorder_quantity": 20, "unit_of_measure": "pcs", "is_active": true, "created_at": "2026-01-25T06:28:24.361Z", "updated_at": "2026-03-27T08:34:20.359Z"}}, {"model": "products.product", "pk": 92, "fields": {"sku": "CND-001", "name": "Silver Swan Soy Sauce 200mL", "category": 55, "supplier": 5, "description": "Silver Swan Soy Sauce 200mL", "image": "products/SIL74-sm_t0k2QHI.jpg", "cost_price": "10.20", "selling_price": "15.00", "tax_applicable": true, "current_stock": 42, "reorder_level": 10, "reorder_quantity": 20, "unit_of_measure": "pcs", "is_active": true, "created_at": "2026-01-25T06:28:24.364Z", "updated_at": "2026-03-27T08:25:28.929Z"}}, {"model": "products.product", "pk": 93, "fields": {"sku": "CND-002", "name": "Datu Puti Soy Sauce 385ml", "category": 55, "supplier": 5, "description": "Standard Datu Puti Soy Sauce 385ml", "image": "products/Datu_Puti_Soy_Sauce_385ml.png", "cost_price": "18.20", "selling_price": "26.00", "tax_applicable": true, "current_stock": 31, "reorder_level": 10, "reorder_quantity": 20, "unit_of_measure": "pcs", "is_active": true, "created_at": "2026-01-25T06:28:24.366Z", "updated_at": "2026-03-25T15:13:18.752Z"}}, {"model": "products.product", "pk": 94, "fields": {"sku": "CND-003", "name": "UFC Banana Ketchup 320g", "category": 58, "supplier": 5, "description": "UFC Banana Ketchup 320g", "image": "products/UFC_Banana_UsULeux.png", "cost_price": "26.20", "selling_price": "35.00", "tax_applicable": true, "current_stock": 8, "reorder_level": 10, "reorder_quantity": 20, "unit_of_measure": "pcs", "is_active": true, "created_at": "2026-01-25T06:28:24.369Z", "updated_at": "2026-03-27T08:14:21.107Z"}}, {"model": "products.product", "pk": 95, "fields": {"sku": "CND-004", "name": "Del Monte Tomato Ketchup 320g", "category": 58, "supplier": 10, "description": "Standard Del Monte Tomato Ketchup 320g", "image": "products/Del_Monte_Tomato_Ketchup_320g.png", "cost_price": "34.50", "selling_price": "45.00", "tax_applicable": true, "current_stock": 38, "reorder_level": 10, "reorder_quantity": 20, "unit_of_measure": "pcs", "is_active": true, "created_at": "2026-01-25T06:28:24.373Z", "updated_at": "2026-03-25T15:59:49.072Z"}}, {"model": "products.product", "pk": 96, "fields": {"sku": "CND-005", "name": "Lady's Choice Mayonnaise 220ml", "category": 58, "supplier": 7, "description": "Standard Lady's Choice Mayonnaise 220ml", "image": "products/Ladys_Choice_Mayonnaise_220ml.png", "cost_price": "38.50", "selling_price": "55.00", "tax_applicable": true, "current_stock": 13, "reorder_level": 10, "reorder_quantity": 20, "unit_of_measure": "pcs", "is_active": true, "created_at": "2026-01-25T06:28:24.377Z", "updated_at": "2026-03-27T07:30:53.260Z"}}, {"model": "products.product", "pk": 97, "fields": {"sku": "CND-006", "name": "Datu Puti Vinegar 385ml", "category": 56, "supplier": 5, "description": "Standard Datu Puti Vinegar 385ml", "image": "products/Datu_Puti_Vinegar_385ml.png", "cost_price": "12.60", "selling_price": "18.00", "tax_applicable": true, "current_stock": 12, "reorder_level": 10, "reorder_quantity": 20, "unit_of_measure": "pcs", "is_active": true, "created_at": "2026-01-25T06:28:24.379Z", "updated_at": "2026-04-10T07:15:28.848Z"}}, {"model": "products.product", "pk": 98, "fields": {"sku": "CND-007", "name": "Silver Swan Vinegar 200mL", "category": 56, "supplier": 5, "description": "Silver Swan Vinegar 200mL", "image": "products/SIL75-sm_Bb2r1Cy.jpg", "cost_price": "7.20", "selling_price": "15.00", "tax_applicable": true, "current_stock": 20, "reorder_level": 10, "reorder_quantity": 20, "unit_of_measure": "pcs", "is_active": true, "created_at": "2026-01-25T06:28:24.383Z", "updated_at": "2026-03-27T08:24:53.614Z"}}, {"model": "products.product", "pk": 99, "fields": {"sku": "CND-008", "name": "Mama Sita's Oyster Sauce 405g", "category": 55, "supplier": null, "description": "Standard Mama Sita's Oyster Sauce 405g", "image": "products/Mama_Sitas_Oyster_Sauce_405g.png", "cost_price": "38.50", "selling_price": "55.00", "tax_applicable": true, "current_stock": 29, "reorder_level": 10, "reorder_quantity": 20, "unit_of_measure": "pcs", "is_active": true, "created_at": "2026-01-25T06:28:24.386Z", "updated_at": "2026-03-27T07:34:45.369Z"}}, {"model": "products.product", "pk": 100, "fields": {"sku": "CND-009", "name": "Golden Fiesta Palm Oil 485mL", "category": 57, "supplier": 5, "description": "Golden Fiesta Palm Oil 485mL", "image": "products/Palm_Oil.png", "cost_price": "60.00", "selling_price": "76.00", "tax_applicable": true, "current_stock": 50, "reorder_level": 10, "reorder_quantity": 20, "unit_of_measure": "pcs", "is_active": true, "created_at": "2026-01-25T06:28:24.388Z", "updated_at": "2026-03-27T08:48:34.922Z"}}, {"model": "products.product", "pk": 101, "fields": {"sku": "CND-010", "name": "Minola Premium Corn Oil 1L", "category": 57, "supplier": null, "description": "Standard Minola Premium Corn Oil 1L", "image": "products/Minola_Premium_Corn_Oil_1L.png", "cost_price": "87.50", "selling_price": "125.00", "tax_applicable": true, "current_stock": 26, "reorder_level": 10, "reorder_quantity": 20, "unit_of_measure": "pcs", "is_active": true, "created_at": "2026-01-25T06:28:24.392Z", "updated_at": "2026-03-27T07:35:47.886Z"}}, {"model": "products.product", "pk": 102, "fields": {"sku": "CND-011", "name": "Baguio Cooking Oil 1L", "category": 57, "supplier": null, "description": "Standard Baguio Cooking Oil 1L", "image": "products/Baguio_oil.png", "cost_price": "66.50", "selling_price": "95.00", "tax_applicable": true, "current_stock": 34, "reorder_level": 10, "reorder_quantity": 20, "unit_of_measure": "pcs", "is_active": true, "created_at": "2026-01-25T06:28:24.395Z", "updated_at": "2026-03-25T15:20:03.012Z"}}, {"model": "products.product", "pk": 103, "fields": {"sku": "CND-012", "name": "Ajinomoto Umami Seasoning 11g", "category": 60, "supplier": null, "description": "Standard Ajinomoto Umami Seasoning 11g", "image": "products/Ajinomoto_ewKBAOj.png", "cost_price": "17.50", "selling_price": "25.00", "tax_applicable": true, "current_stock": 4, "reorder_level": 10, "reorder_quantity": 20, "unit_of_measure": "pcs", "is_active": true, "created_at": "2026-01-25T06:28:24.397Z", "updated_at": "2026-04-04T09:24:59.886Z"}}, {"model": "products.product", "pk": 104, "fields": {"sku": "CND-013", "name": "McCormick Black Pepper 35g", "category": 61, "supplier": null, "description": "Standard McCormick Black Pepper 35g", "image": "products/McCormick_Black_Pepper_35g.png", "cost_price": "31.50", "selling_price": "45.00", "tax_applicable": true, "current_stock": 27, "reorder_level": 10, "reorder_quantity": 20, "unit_of_measure": "pcs", "is_active": true, "created_at": "2026-01-25T06:28:24.400Z", "updated_at": "2026-03-27T07:35:01.079Z"}}, {"model": "products.product", "pk": 105, "fields": {"sku": "CND-014", "name": "Iodized Salt 1kg", "category": 61, "supplier": null, "description": "Standard Iodized Salt 1kg", "image": "products/Iodized_Salt_1kg.png", "cost_price": "14.00", "selling_price": "20.00", "tax_applicable": true, "current_stock": 21, "reorder_level": 10, "reorder_quantity": 20, "unit_of_measure": "pcs", "is_active": true, "created_at": "2026-01-25T06:28:24.402Z", "updated_at": "2026-03-27T07:28:00.856Z"}}, {"model": "products.product", "pk": 106, "fields": {"sku": "CND-015", "name": "White Sugar 1kg", "category": 61, "supplier": null, "description": "Standard White Sugar 1kg", "image": "products/White_Sugar_FnSrb2B.png", "cost_price": "42.00", "selling_price": "60.00", "tax_applicable": true, "current_stock": 30, "reorder_level": 10, "reorder_quantity": 20, "unit_of_measure": "pcs", "is_active": true, "created_at": "2026-01-25T06:28:24.405Z", "updated_at": "2026-03-27T08:12:21.735Z"}}, {"model": "products.product", "pk": 107, "fields": {"sku": "CND-016", "name": "Brown Sugar 1kg", "category": 61, "supplier": null, "description": "Standard Brown Sugar 1kg", "image": "products/Brown_Sugar_1kg.png", "cost_price": "45.50", "selling_price": "65.00", "tax_applicable": true, "current_stock": 32, "reorder_level": 10, "reorder_quantity": 20, "unit_of_measure": "pcs", "is_active": true, "created_at": "2026-01-25T06:28:24.408Z", "updated_at": "2026-03-25T15:08:54.203Z"}}, {"model": "products.product", "pk": 108, "fields": {"sku": "CND-017", "name": "Pillsbury All-Purpose Flour 80oz", "category": 65, "supplier": null, "description": "Pillsbury All-Purpose Flour 80oz", "image": "products/AP-Flour.png", "cost_price": "240.00", "selling_price": "302.00", "tax_applicable": true, "current_stock": 49, "reorder_level": 10, "reorder_quantity": 20, "unit_of_measure": "pcs", "is_active": true, "created_at": "2026-01-25T06:28:24.411Z", "updated_at": "2026-03-27T08:40:26.373Z"}}, {"model": "products.product", "pk": 109, "fields": {"sku": "DAI-003", "name": "Alaska Evaporada 140mL", "category": 16, "supplier": 2, "description": "Alaska Evaporada 140mL", "image": "products/ALA05-sm.jpg", "cost_price": "19.00", "selling_price": "25.00", "tax_applicable": true, "current_stock": 29, "reorder_level": 10, "reorder_quantity": 20, "unit_of_measure": "pcs", "is_active": true, "created_at": "2026-01-25T06:28:24.417Z", "updated_at": "2026-04-07T13:05:57.968Z"}}, {"model": "products.product", "pk": 110, "fields": {"sku": "DAI-004", "name": "Alaska Condensada 300ml", "category": 16, "supplier": 9, "description": "Standard Alaska Condensada 300ml", "image": "products/Alaska_Condensada_300ml.png", "cost_price": "33.60", "selling_price": "48.00", "tax_applicable": true, "current_stock": 37, "reorder_level": 10, "reorder_quantity": 20, "unit_of_measure": "pcs", "is_active": true, "created_at": "2026-01-25T06:28:24.420Z", "updated_at": "2026-04-04T07:44:16.723Z"}}, {"model": "products.product", "pk": 111, "fields": {"sku": "DAI-005", "name": "Eden Cheese 165g", "category": 12, "supplier": null, "description": "Standard Eden Cheese 165g", "image": "products/Eden_Cheese_165g.png", "cost_price": "52.50", "selling_price": "75.00", "tax_applicable": true, "current_stock": 36, "reorder_level": 10, "reorder_quantity": 20, "unit_of_measure": "pcs", "is_active": true, "created_at": "2026-01-25T06:28:24.422Z", "updated_at": "2026-03-25T15:18:17.164Z"}}, {"model": "products.product", "pk": 112, "fields": {"sku": "DAI-006", "name": "Eden Cheese 45g", "category": 12, "supplier": null, "description": "Eden Cheese 45g", "image": "products/EDE13-sm.jpg", "cost_price": "16.40", "selling_price": "22.00", "tax_applicable": true, "current_stock": 33, "reorder_level": 10, "reorder_quantity": 20, "unit_of_measure": "pcs", "is_active": true, "created_at": "2026-01-25T06:28:24.426Z", "updated_at": "2026-03-26T07:28:18.374Z"}}, {"model": "products.product", "pk": 113, "fields": {"sku": "DAI-007", "name": "Anchor Butter 227g", "category": 13, "supplier": null, "description": "Standard Anchor Butter 227g", "image": "products/Anchor.png", "cost_price": "135.00", "selling_price": "150.00", "tax_applicable": true, "current_stock": 33, "reorder_level": 10, "reorder_quantity": 20, "unit_of_measure": "pcs", "is_active": true, "created_at": "2026-01-25T06:28:24.428Z", "updated_at": "2026-04-04T07:55:23.036Z"}}, {"model": "products.product", "pk": 114, "fields": {"sku": "DAI-008", "name": "Star Margarine 100g", "category": 13, "supplier": 3, "description": "Star Margarine 100g", "image": "products/STA01D-sm.jpg", "cost_price": "30.69", "selling_price": "40.00", "tax_applicable": true, "current_stock": 43, "reorder_level": 10, "reorder_quantity": 20, "unit_of_measure": "pcs", "is_active": true, "created_at": "2026-01-25T06:28:24.431Z", "updated_at": "2026-03-26T07:30:06.185Z"}}, {"model": "products.product", "pk": 115, "fields": {"sku": "DAI-009", "name": "Bear Brand Milk 200mL", "category": 11, "supplier": 2, "description": "Bear Brand Milk 200mL", "image": "products/BEA83-sm.jpg", "cost_price": "27.20", "selling_price": "35.00", "tax_applicable": true, "current_stock": 6, "reorder_level": 10, "reorder_quantity": 20, "unit_of_measure": "pcs", "is_active": true, "created_at": "2026-01-25T06:28:24.433Z", "updated_at": "2026-03-26T07:26:50.491Z"}}, {"model": "products.product", "pk": 116, "fields": {"sku": "DAI-010", "name": "Selecta Magnum Almond", "category": 68, "supplier": 7, "description": "Selecta Magnum Almond", "image": "products/Magnum_ekFEDsL.png", "cost_price": "60.00", "selling_price": "75.00", "tax_applicable": true, "current_stock": 7, "reorder_level": 10, "reorder_quantity": 20, "unit_of_measure": "pcs", "is_active": true, "created_at": "2026-01-25T06:28:24.436Z", "updated_at": "2026-03-27T08:26:25.346Z"}}, {"model": "products.product", "pk": 117, "fields": {"sku": "PER-001", "name": "Safeguard Pure White Bar 115g", "category": 74, "supplier": 8, "description": "Safeguard Pure White Bar 115g", "image": "products/SAF104-sm_DoVyORp.jpg", "cost_price": "47.30", "selling_price": "58.00", "tax_applicable": true, "current_stock": 29, "reorder_level": 10, "reorder_quantity": 20, "unit_of_measure": "pcs", "is_active": true, "created_at": "2026-01-25T06:28:24.438Z", "updated_at": "2026-03-27T08:28:40.776Z"}}, {"model": "products.product", "pk": 118, "fields": {"sku": "PER-002", "name": "Dove Beauty Bar 135g", "category": 74, "supplier": 7, "description": "Standard Dove Beauty Bar 135g", "image": "products/Dove_Beauty_Bar_135g.png", "cost_price": "38.50", "selling_price": "55.00", "tax_applicable": true, "current_stock": 10, "reorder_level": 10, "reorder_quantity": 20, "unit_of_measure": "pcs", "is_active": true, "created_at": "2026-01-25T06:28:24.441Z", "updated_at": "2026-03-25T15:16:56.144Z"}}, {"model": "products.product", "pk": 119, "fields": {"sku": "PER-003", "name": "Palmolive Naturals Bar Light Blue 55g", "category": 74, "supplier": null, "description": "Palmolive Naturals Bar Light Blue 55g", "image": "products/PAL25-sm.jpg", "cost_price": "91.30", "selling_price": "110.00", "tax_applicable": true, "current_stock": 39, "reorder_level": 10, "reorder_quantity": 20, "unit_of_measure": "pcs", "is_active": true, "created_at": "2026-01-25T06:28:24.443Z", "updated_at": "2026-03-27T08:45:31.025Z"}}, {"model": "products.product", "pk": 120, "fields": {"sku": "PER-004", "name": "Lifebuoy Bar Soap 80g", "category": 74, "supplier": 7, "description": "Standard Lifebuoy Bar Soap 80g", "image": "products/Lifebuoy_Bar_Soap_80g.png", "cost_price": "10.50", "selling_price": "15.00", "tax_applicable": true, "current_stock": 5, "reorder_level": 10, "reorder_quantity": 20, "unit_of_measure": "pcs", "is_active": true, "created_at": "2026-01-25T06:28:24.447Z", "updated_at": "2026-03-27T07:31:29.626Z"}}, {"model": "products.product", "pk": 121, "fields": {"sku": "PER-005", "name": "Sunsilk Shampoo Pink 15mL", "category": 75, "supplier": 7, "description": "Sunsilk Shampoo Pink 15mL", "image": "products/SUN04-sm_gx4Zc0V.jpg", "cost_price": "5.90", "selling_price": "10.00", "tax_applicable": true, "current_stock": 16, "reorder_level": 10, "reorder_quantity": 20, "unit_of_measure": "pcs", "is_active": true, "created_at": "2026-01-25T06:28:24.450Z", "updated_at": "2026-03-27T08:18:56.462Z"}}, {"model": "products.product", "pk": 122, "fields": {"sku": "PER-006", "name": "Palmolive Shampoo Pink 15mL", "category": 75, "supplier": 8, "description": "Palmolive Shampoo Pink 15mL", "image": "products/PAL09-sm.jpg", "cost_price": "5.50", "selling_price": "10.00", "tax_applicable": true, "current_stock": 11, "reorder_level": 10, "reorder_quantity": 20, "unit_of_measure": "pcs", "is_active": true, "created_at": "2026-01-25T06:28:24.453Z", "updated_at": "2026-03-27T08:44:19.311Z"}}, {"model": "products.product", "pk": 123, "fields": {"sku": "PER-007", "name": "Head & Shoulders Shampoo 180ml", "category": 75, "supplier": 8, "description": "Standard Head & Shoulders Shampoo 180ml", "image": "products/Head__Shoulders_Shampoo_180ml.png", "cost_price": "66.50", "selling_price": "95.00", "tax_applicable": true, "current_stock": 32, "reorder_level": 10, "reorder_quantity": 20, "unit_of_measure": "pcs", "is_active": true, "created_at": "2026-01-25T06:28:24.455Z", "updated_at": "2026-03-27T07:27:10.790Z"}}, {"model": "products.product", "pk": 124, "fields": {"sku": "PER-008", "name": "Cream Silk Conditioner 180ml", "category": 75, "supplier": 7, "description": "Standard Cream Silk Conditioner 180ml", "image": "products/Cream_Silk_Conditioner_180ml.png", "cost_price": "52.50", "selling_price": "75.00", "tax_applicable": true, "current_stock": 33, "reorder_level": 10, "reorder_quantity": 20, "unit_of_measure": "pcs", "is_active": true, "created_at": "2026-01-25T06:28:24.459Z", "updated_at": "2026-03-25T15:12:50.645Z"}}, {"model": "products.product", "pk": 125, "fields": {"sku": "PER-009", "name": "Colgate Total Toothpaste 150g", "category": 76, "supplier": null, "description": "Standard Colgate Total Toothpaste 150g", "image": "products/Colgate_Total_Toothpaste_150g.png", "cost_price": "66.50", "selling_price": "95.00", "tax_applicable": true, "current_stock": 50, "reorder_level": 10, "reorder_quantity": 20, "unit_of_measure": "pcs", "is_active": true, "created_at": "2026-01-25T06:28:24.462Z", "updated_at": "2026-03-25T15:12:31.436Z"}}, {"model": "products.product", "pk": 126, "fields": {"sku": "PER-010", "name": "Close-Up Toothpaste 160g", "category": 76, "supplier": 7, "description": "Standard Close-Up Toothpaste 160g", "image": "products/Close-Up_Toothpaste_160g.png", "cost_price": "45.50", "selling_price": "65.00", "tax_applicable": true, "current_stock": 7, "reorder_level": 10, "reorder_quantity": 20, "unit_of_measure": "pcs", "is_active": true, "created_at": "2026-01-25T06:28:24.464Z", "updated_at": "2026-03-25T15:11:42.357Z"}}, {"model": "products.product", "pk": 127, "fields": {"sku": "PER-011", "name": "Colgate Toothbrush Medium", "category": 76, "supplier": 8, "description": "Colgate Toothbrush Medium", "image": "products/COL432-sm.jpg", "cost_price": "13.00", "selling_price": "20.00", "tax_applicable": true, "current_stock": 25, "reorder_level": 10, "reorder_quantity": 20, "unit_of_measure": "pcs", "is_active": true, "created_at": "2026-01-25T06:28:24.467Z", "updated_at": "2026-03-26T09:11:41.918Z"}}, {"model": "products.product", "pk": 128, "fields": {"sku": "PER-012", "name": "Milcu Roll-On Deodorant 50mL", "category": 77, "supplier": 7, "description": "Milcu Roll-On Deodorant 50mL", "image": "products/Milcu_Deodorant.png", "cost_price": "75.00", "selling_price": "100.00", "tax_applicable": true, "current_stock": 40, "reorder_level": 10, "reorder_quantity": 20, "unit_of_measure": "pcs", "is_active": true, "created_at": "2026-01-25T06:28:24.470Z", "updated_at": "2026-03-26T09:09:04.671Z"}}, {"model": "products.product", "pk": 129, "fields": {"sku": "PER-013", "name": "Nivea Pearl & Beauty Deodorant Roll", "category": 77, "supplier": null, "description": "Nivea Pearl & Beauty Deodorant Roll", "image": "products/Nivea_Deodorant.png", "cost_price": "69.00", "selling_price": "92.00", "tax_applicable": true, "current_stock": 20, "reorder_level": 10, "reorder_quantity": 20, "unit_of_measure": "pcs", "is_active": true, "created_at": "2026-01-25T06:28:24.472Z", "updated_at": "2026-03-26T09:10:22.743Z"}}, {"model": "products.product", "pk": 130, "fields": {"sku": "PER-014", "name": "Charmee Sanitary Napkin Wings 8+1", "category": 78, "supplier": 8, "description": "Charmee Sanitary Napkin Wings 8+1", "image": "products/CHA48A-sm.jpg", "cost_price": "19.60", "selling_price": "24.00", "tax_applicable": true, "current_stock": 21, "reorder_level": 10, "reorder_quantity": 20, "unit_of_measure": "pack", "is_active": true, "created_at": "2026-01-25T06:28:24.476Z", "updated_at": "2026-03-26T09:02:54.258Z"}}, {"model": "products.product", "pk": 131, "fields": {"sku": "PER-015", "name": "Modess All Night Wings 4's", "category": 78, "supplier": null, "description": "Modess All Night Wings 4's", "image": "products/MOD04-sm.jpg", "cost_price": "51.70", "selling_price": "62.00", "tax_applicable": true, "current_stock": 18, "reorder_level": 10, "reorder_quantity": 20, "unit_of_measure": "pack", "is_active": true, "created_at": "2026-01-25T06:28:24.478Z", "updated_at": "2026-03-26T09:03:09.508Z"}}, {"model": "products.product", "pk": 132, "fields": {"sku": "PER-016", "name": "Kotex Luxe Wings 16s", "category": 78, "supplier": null, "description": "Kotex Luxe Wings 16s", "image": "products/Kotex.png", "cost_price": "85.75", "selling_price": "96.00", "tax_applicable": true, "current_stock": 48, "reorder_level": 10, "reorder_quantity": 20, "unit_of_measure": "pack", "is_active": true, "created_at": "2026-01-25T06:28:24.481Z", "updated_at": "2026-03-26T09:03:19.233Z"}}, {"model": "products.product", "pk": 133, "fields": {"sku": "PER-017", "name": "EQ Baby Diaper Small 4s", "category": 79, "supplier": null, "description": "Standard EQ Baby Diaper Small 4s", "image": "products/EQ_Baby_Diaper_Small_4s.png", "cost_price": "320.00", "selling_price": "350.00", "tax_applicable": true, "current_stock": 12, "reorder_level": 10, "reorder_quantity": 20, "unit_of_measure": "pcs", "is_active": true, "created_at": "2026-01-25T06:28:24.484Z", "updated_at": "2026-03-25T15:57:56.039Z"}}, {"model": "products.product", "pk": 134, "fields": {"sku": "PER-018", "name": "Ginger Ale 335mL", "category": 1, "supplier": 8, "description": "Ginger Ale 335mL", "image": "products/Ginger_Ale.png", "cost_price": "46.40", "selling_price": "58.00", "tax_applicable": true, "current_stock": 27, "reorder_level": 10, "reorder_quantity": 20, "unit_of_measure": "pcs", "is_active": true, "created_at": "2026-01-25T06:28:24.487Z", "updated_at": "2026-03-26T08:54:54.963Z"}}, {"model": "products.product", "pk": 135, "fields": {"sku": "PER-019", "name": "Johnson's Baby Powder 50g", "category": 79, "supplier": null, "description": "Johnson's Baby Powder 50g", "image": "products/JOH24-sm.jpg", "cost_price": "27.90", "selling_price": "35.00", "tax_applicable": true, "current_stock": 7, "reorder_level": 10, "reorder_quantity": 20, "unit_of_measure": "pcs", "is_active": true, "created_at": "2026-01-25T06:28:24.489Z", "updated_at": "2026-03-26T08:50:00.587Z"}}, {"model": "products.product", "pk": 136, "fields": {"sku": "PER-020", "name": "Human Nature Sunflower Oil 100mL", "category": 80, "supplier": null, "description": "Human Nature Sunflower Oil 100mL", "image": "products/Human_Nature_Sunflower_Oil.png", "cost_price": "129.50", "selling_price": "185.00", "tax_applicable": true, "current_stock": 42, "reorder_level": 10, "reorder_quantity": 20, "unit_of_measure": "pcs", "is_active": true, "created_at": "2026-01-25T06:28:24.492Z", "updated_at": "2026-03-26T08:48:35.901Z"}}, {"model": "products.product", "pk": 137, "fields": {"sku": "HSE-001", "name": "Calla Powder Floral Fresh 45g", "category": 82, "supplier": 8, "description": "Calla Powder Floral Fresh 45g", "image": "products/CAL24-sm.jpg", "cost_price": "6.30", "selling_price": "10.00", "tax_applicable": true, "current_stock": 50, "reorder_level": 10, "reorder_quantity": 20, "unit_of_measure": "pcs", "is_active": true, "created_at": "2026-01-25T06:28:24.495Z", "updated_at": "2026-03-26T08:45:12.239Z"}}, {"model": "products.product", "pk": 138, "fields": {"sku": "HSE-002", "name": "Ariel Powder Detergent 110g", "category": 82, "supplier": 8, "description": "Standard Ariel Powder Detergent 110g", "image": "products/ariel.png", "cost_price": "20.00", "selling_price": "22.00", "tax_applicable": true, "current_stock": 48, "reorder_level": 10, "reorder_quantity": 20, "unit_of_measure": "pcs", "is_active": false, "created_at": "2026-01-25T06:28:24.497Z", "updated_at": "2026-03-25T07:43:45.795Z"}}, {"model": "products.product", "pk": 139, "fields": {"sku": "HSE-003", "name": "Champion Detergent Bar 130g", "category": 82, "supplier": null, "description": "Standard Champion Detergent Bar 130g", "image": "products/Champion_Detergent_Bar_140g.png", "cost_price": "7.00", "selling_price": "10.00", "tax_applicable": true, "current_stock": 29, "reorder_level": 10, "reorder_quantity": 20, "unit_of_measure": "pcs", "is_active": true, "created_at": "2026-01-25T06:28:24.501Z", "updated_at": "2026-03-25T15:22:39.310Z"}}, {"model": "products.product", "pk": 140, "fields": {"sku": "HSE-004", "name": "Surf Powder Cherry Blossom 65g", "category": 82, "supplier": 7, "description": "Surf Powder Cherry Blossom 65g", "image": "products/SUR23-sm.jpg", "cost_price": "6.30", "selling_price": "10.00", "tax_applicable": true, "current_stock": 10, "reorder_level": 10, "reorder_quantity": 20, "unit_of_measure": "pcs", "is_active": true, "created_at": "2026-01-25T06:28:24.503Z", "updated_at": "2026-03-26T08:43:34.083Z"}}, {"model": "products.product", "pk": 141, "fields": {"sku": "HSE-005", "name": "Downy Fabric Softener 375ml", "category": 83, "supplier": 8, "description": "Standard Downy Fabric Softener 375ml", "image": "products/Downy_Fabric_Softener_375ml.png", "cost_price": "70.00", "selling_price": "85.00", "tax_applicable": true, "current_stock": 24, "reorder_level": 10, "reorder_quantity": 20, "unit_of_measure": "pcs", "is_active": true, "created_at": "2026-01-25T06:28:24.506Z", "updated_at": "2026-03-25T15:58:35.922Z"}}, {"model": "products.product", "pk": 142, "fields": {"sku": "HSE-006", "name": "Smart Dishwashing Green 200g", "category": 84, "supplier": 8, "description": "Smart Dishwashing Green 200g", "image": "products/SMA19-sm.jpg", "cost_price": "21.61", "selling_price": "30.00", "tax_applicable": true, "current_stock": 6, "reorder_level": 10, "reorder_quantity": 20, "unit_of_measure": "pcs", "is_active": true, "created_at": "2026-01-25T06:28:24.509Z", "updated_at": "2026-03-26T08:39:54.392Z"}}, {"model": "products.product", "pk": 143, "fields": {"sku": "HSE-007", "name": "Smart Dishwashing Yellow 200g", "category": 84, "supplier": 7, "description": "Smart Dishwashing Yellow 200g", "image": "products/SMA15-sm.jpg", "cost_price": "21.61", "selling_price": "30.00", "tax_applicable": true, "current_stock": 14, "reorder_level": 10, "reorder_quantity": 20, "unit_of_measure": "pcs", "is_active": true, "created_at": "2026-01-25T06:28:24.512Z", "updated_at": "2026-03-26T08:40:48.894Z"}}, {"model": "products.product", "pk": 144, "fields": {"sku": "HSE-008", "name": "Zonrox Bleach Original 250mL", "category": 85, "supplier": null, "description": "Zonrox Bleach Original 250mL", "image": "products/ZON03-sm.jpg", "cost_price": "15.80", "selling_price": "20.00", "tax_applicable": true, "current_stock": 45, "reorder_level": 10, "reorder_quantity": 20, "unit_of_measure": "pcs", "is_active": true, "created_at": "2026-01-25T06:28:24.515Z", "updated_at": "2026-03-26T07:49:17.367Z"}}, {"model": "products.product", "pk": 145, "fields": {"sku": "HSE-009", "name": "Domex Toilet Bowl Cleaner 500ml", "category": 85, "supplier": 7, "description": "Standard Domex Toilet Bowl Cleaner 500ml", "image": "products/Domex_Toilet_Bowl_Cleaner_500ml.png", "cost_price": "109.00", "selling_price": "125.00", "tax_applicable": true, "current_stock": 46, "reorder_level": 10, "reorder_quantity": 20, "unit_of_measure": "pcs", "is_active": true, "created_at": "2026-01-25T06:28:24.518Z", "updated_at": "2026-03-25T15:59:09.391Z"}}, {"model": "products.product", "pk": 146, "fields": {"sku": "HSE-010", "name": "Zonrox Bleach ColorSafe 225mL", "category": 85, "supplier": null, "description": "Zonrox Bleach ColorSafe 225mL", "image": "products/ZON52-sm.jpg", "cost_price": "25.60", "selling_price": "35.00", "tax_applicable": true, "current_stock": 28, "reorder_level": 10, "reorder_quantity": 20, "unit_of_measure": "pcs", "is_active": true, "created_at": "2026-01-25T06:28:24.520Z", "updated_at": "2026-03-26T07:54:04.414Z"}}, {"model": "products.product", "pk": 147, "fields": {"sku": "HSE-011", "name": "Starwax Floor Wax 90g", "category": 85, "supplier": null, "description": "Starwax Floor Wax 90g", "image": "products/STA27-sm.jpg", "cost_price": "16.80", "selling_price": "25.00", "tax_applicable": true, "current_stock": 42, "reorder_level": 10, "reorder_quantity": 20, "unit_of_measure": "pcs", "is_active": true, "created_at": "2026-01-25T06:28:24.523Z", "updated_at": "2026-03-26T08:38:11.780Z"}}, {"model": "products.product", "pk": 148, "fields": {"sku": "HSE-012", "name": "Glade Air Freshener 300ml", "category": 86, "supplier": null, "description": "Standard Glade Air Freshener 300ml", "image": "products/Glade_Air_Freshener_300ml.png", "cost_price": "87.50", "selling_price": "125.00", "tax_applicable": true, "current_stock": 14, "reorder_level": 10, "reorder_quantity": 20, "unit_of_measure": "pcs", "is_active": true, "created_at": "2026-01-25T06:28:24.526Z", "updated_at": "2026-03-25T15:19:18.904Z"}}, {"model": "products.product", "pk": 149, "fields": {"sku": "HSE-013", "name": "Scotch Brite Sponge Mini", "category": 84, "supplier": null, "description": "Scotch Brite Sponge Mini", "image": "products/SCO43-sm.jpg", "cost_price": "22.50", "selling_price": "30.00", "tax_applicable": true, "current_stock": 36, "reorder_level": 10, "reorder_quantity": 20, "unit_of_measure": "pcs", "is_active": true, "created_at": "2026-01-25T06:28:24.529Z", "updated_at": "2026-03-26T08:41:53.780Z"}}, {"model": "products.product", "pk": 150, "fields": {"sku": "HSE-014", "name": "Glad Trash Bag Large 10s", "category": 88, "supplier": null, "description": "Standard Glad Trash Bag Large 10s", "image": "products/Glad_Trash_Bag_Large_10s.png", "cost_price": "45.50", "selling_price": "65.00", "tax_applicable": true, "current_stock": 6, "reorder_level": 10, "reorder_quantity": 20, "unit_of_measure": "pcs", "is_active": true, "created_at": "2026-01-25T06:28:24.532Z", "updated_at": "2026-03-25T15:19:10.048Z"}}, {"model": "products.product", "pk": 151, "fields": {"sku": "HSE-015", "name": "Bounty Paper Towel 2 Rolls", "category": 87, "supplier": null, "description": "Standard Bounty Paper Towel 2 Rolls", "image": "products/Bounty_Paper_Towel_2_Rolls.png", "cost_price": "66.50", "selling_price": "95.00", "tax_applicable": true, "current_stock": 30, "reorder_level": 10, "reorder_quantity": 20, "unit_of_measure": "pcs", "is_active": true, "created_at": "2026-01-25T06:28:24.535Z", "updated_at": "2026-03-25T15:08:18.864Z"}}, {"model": "products.product", "pk": 152, "fields": {"sku": "PRO-2223", "name": "Buldak Cream Carbo 140g", "category": 42, "supplier": null, "description": "Buldak Cream Carbo 140g", "image": "products/Buldak_Cream_Carbo_140g.png", "cost_price": "100.00", "selling_price": "105.00", "tax_applicable": true, "current_stock": 18, "reorder_level": 20, "reorder_quantity": 50, "unit_of_measure": "g", "is_active": true, "created_at": "2026-01-25T08:05:48.151Z", "updated_at": "2026-03-25T15:36:29.588Z"}}, {"model": "products.product", "pk": 153, "fields": {"sku": "123", "name": "Orange", "category": 7, "supplier": null, "description": "", "image": "products/Orange.png", "cost_price": "10.00", "selling_price": "20.00", "tax_applicable": true, "current_stock": 10, "reorder_level": 10, "reorder_quantity": 50, "unit_of_measure": "pcs", "is_active": true, "created_at": "2026-04-11T00:26:30.101Z", "updated_at": "2026-04-11T00:26:30.101Z"}}, {"model": "products.product", "pk": 154, "fields": {"sku": "731126104081", "name": "Nagaraya 80g", "category": 2, "supplier": null, "description": "", "image": "products/Nagaraya.webp", "cost_price": "20.00", "selling_price": "30.00", "tax_applicable": true, "current_stock": 19, "reorder_level": 10, "reorder_quantity": 50, "unit_of_measure": "pcs", "is_active": true, "created_at": "2026-04-11T00:38:32.386Z", "updated_at": "2026-04-11T00:40:11.373Z"}}, {"model": "inventory.stockmovement", "pk": 1, "fields": {"product": 2, "movement_type": "sale", "quantity": -1, "reason": "Sale #1", "user": 1, "created_at": "2026-01-25T06:50:51.089Z"}}, {"model": "inventory.stockmovement", "pk": 2, "fields": {"product": 3, "movement_type": "sale", "quantity": -1, "reason": "Sale #1", "user": 1, "created_at": "2026-01-25T06:50:51.092Z"}}, {"model": "inventory.stockmovement", "pk": 3, "fields": {"product": 8, "movement_type": "sale", "quantity": -1, "reason": "Sale #1", "user": 1, "created_at": "2026-01-25T06:50:51.093Z"}}, {"model": "inventory.stockmovement", "pk": 4, "fields": {"product": 1, "movement_type": "restock", "quantity": 3, "reason": null, "user": 1, "created_at": "2026-01-25T07:37:17.041Z"}}, {"model": "inventory.stockmovement", "pk": 5, "fields": {"product": 2, "movement_type": "sale", "quantity": -1, "reason": "Sale #2", "user": 1, "created_at": "2026-01-25T08:37:47.696Z"}}, {"model": "inventory.stockmovement", "pk": 6, "fields": {"product": 27, "movement_type": "sale", "quantity": -1, "reason": "Sale #3", "user": 1, "created_at": "2026-01-26T01:02:12.336Z"}}, {"model": "inventory.stockmovement", "pk": 7, "fields": {"product": 2, "movement_type": "sale", "quantity": -1, "reason": "Sale #3", "user": 1, "created_at": "2026-01-26T01:02:12.338Z"}}, {"model": "inventory.stockmovement", "pk": 8, "fields": {"product": 152, "movement_type": "sale", "quantity": -2, "reason": "Sale #4", "user": 1, "created_at": "2026-01-26T10:28:37.673Z"}}, {"model": "inventory.stockmovement", "pk": 9, "fields": {"product": 27, "movement_type": "sale", "quantity": -1, "reason": "Sale #4", "user": 1, "created_at": "2026-01-26T10:28:37.676Z"}}, {"model": "inventory.stockmovement", "pk": 10, "fields": {"product": 40, "movement_type": "sale", "quantity": -1, "reason": "Sale #5", "user": 3, "created_at": "2026-01-28T04:49:55.938Z"}}, {"model": "inventory.stockmovement", "pk": 11, "fields": {"product": 1, "movement_type": "sale", "quantity": -1, "reason": "Sale #5", "user": 3, "created_at": "2026-01-28T04:49:55.940Z"}}, {"model": "inventory.stockmovement", "pk": 12, "fields": {"product": 1, "movement_type": "sale", "quantity": -1, "reason": "Sale #6", "user": 4, "created_at": "2026-01-29T03:59:04.923Z"}}, {"model": "inventory.stockmovement", "pk": 13, "fields": {"product": 22, "movement_type": "sale", "quantity": -1, "reason": "Sale #6", "user": 4, "created_at": "2026-01-29T03:59:04.925Z"}}, {"model": "inventory.stockmovement", "pk": 14, "fields": {"product": 27, "movement_type": "sale", "quantity": -1, "reason": "Sale #6", "user": 4, "created_at": "2026-01-29T03:59:04.927Z"}}, {"model": "inventory.stockmovement", "pk": 15, "fields": {"product": 29, "movement_type": "sale", "quantity": -1, "reason": "Sale #6", "user": 4, "created_at": "2026-01-29T03:59:04.929Z"}}, {"model": "inventory.stockmovement", "pk": 16, "fields": {"product": 2, "movement_type": "sale", "quantity": -1, "reason": "Sale #7", "user": 1, "created_at": "2026-03-09T04:15:43.814Z"}}, {"model": "inventory.stockmovement", "pk": 17, "fields": {"product": 1, "movement_type": "sale", "quantity": -2, "reason": "Sale #7", "user": 1, "created_at": "2026-03-09T04:15:43.817Z"}}, {"model": "inventory.stockmovement", "pk": 18, "fields": {"product": 18, "movement_type": "sale", "quantity": -1, "reason": "Sale #8", "user": 2, "created_at": "2026-03-25T03:15:22.654Z"}}, {"model": "inventory.stockmovement", "pk": 19, "fields": {"product": 103, "movement_type": "sale", "quantity": -1, "reason": "Sale #9", "user": 5, "created_at": "2026-04-04T07:40:26.241Z"}}, {"model": "inventory.stockmovement", "pk": 20, "fields": {"product": 110, "movement_type": "sale", "quantity": -2, "reason": "Sale #9", "user": 5, "created_at": "2026-04-04T07:40:26.246Z"}}, {"model": "inventory.stockmovement", "pk": 21, "fields": {"product": 109, "movement_type": "sale", "quantity": -1, "reason": "Sale #9", "user": 5, "created_at": "2026-04-04T07:40:26.251Z"}}, {"model": "inventory.stockmovement", "pk": 22, "fields": {"product": 29, "movement_type": "sale", "quantity": -1, "reason": "Sale #9", "user": 5, "created_at": "2026-04-04T07:40:26.255Z"}}, {"model": "inventory.stockmovement", "pk": 23, "fields": {"product": 103, "movement_type": "sale", "quantity": -2, "reason": "Sale #10", "user": 5, "created_at": "2026-04-04T07:41:49.855Z"}}, {"model": "inventory.stockmovement", "pk": 24, "fields": {"product": 110, "movement_type": "sale", "quantity": -1, "reason": "Sale #10", "user": 5, "created_at": "2026-04-04T07:41:49.858Z"}}, {"model": "inventory.stockmovement", "pk": 25, "fields": {"product": 109, "movement_type": "sale", "quantity": -1, "reason": "Sale #10", "user": 5, "created_at": "2026-04-04T07:41:49.860Z"}}, {"model": "inventory.stockmovement", "pk": 26, "fields": {"product": 5, "movement_type": "sale", "quantity": -2, "reason": "Sale #11", "user": 5, "created_at": "2026-04-04T07:43:14.995Z"}}, {"model": "inventory.stockmovement", "pk": 27, "fields": {"product": 40, "movement_type": "sale", "quantity": -1, "reason": "Sale #11", "user": 5, "created_at": "2026-04-04T07:43:14.998Z"}}, {"model": "inventory.stockmovement", "pk": 28, "fields": {"product": 29, "movement_type": "sale", "quantity": -2, "reason": "Sale #11", "user": 5, "created_at": "2026-04-04T07:43:15.001Z"}}, {"model": "inventory.stockmovement", "pk": 29, "fields": {"product": 22, "movement_type": "sale", "quantity": -1, "reason": "Sale #12", "user": 5, "created_at": "2026-04-04T07:44:16.718Z"}}, {"model": "inventory.stockmovement", "pk": 30, "fields": {"product": 110, "movement_type": "sale", "quantity": -2, "reason": "Sale #12", "user": 5, "created_at": "2026-04-04T07:44:16.722Z"}}, {"model": "inventory.stockmovement", "pk": 31, "fields": {"product": 109, "movement_type": "sale", "quantity": -1, "reason": "Sale #12", "user": 5, "created_at": "2026-04-04T07:44:16.726Z"}}, {"model": "inventory.stockmovement", "pk": 32, "fields": {"product": 29, "movement_type": "sale", "quantity": -1, "reason": "Sale #12", "user": 5, "created_at": "2026-04-04T07:44:16.729Z"}}, {"model": "inventory.stockmovement", "pk": 33, "fields": {"product": 113, "movement_type": "sale", "quantity": -1, "reason": "Sale #12", "user": 5, "created_at": "2026-04-04T07:44:16.731Z"}}, {"model": "inventory.stockmovement", "pk": 34, "fields": {"product": 40, "movement_type": "sale", "quantity": -2, "reason": "Sale #12", "user": 5, "created_at": "2026-04-04T07:44:16.735Z"}}, {"model": "inventory.stockmovement", "pk": 35, "fields": {"product": 5, "movement_type": "sale", "quantity": -1, "reason": "Sale #12", "user": 5, "created_at": "2026-04-04T07:44:16.738Z"}}, {"model": "inventory.stockmovement", "pk": 36, "fields": {"product": 109, "movement_type": "sale", "quantity": -2, "reason": "Sale #13", "user": 5, "created_at": "2026-04-04T07:55:23.032Z"}}, {"model": "inventory.stockmovement", "pk": 37, "fields": {"product": 113, "movement_type": "sale", "quantity": -1, "reason": "Sale #13", "user": 5, "created_at": "2026-04-04T07:55:23.036Z"}}, {"model": "inventory.stockmovement", "pk": 38, "fields": {"product": 5, "movement_type": "sale", "quantity": -1, "reason": "Sale #13", "user": 5, "created_at": "2026-04-04T07:55:23.037Z"}}, {"model": "inventory.stockmovement", "pk": 39, "fields": {"product": 103, "movement_type": "sale", "quantity": -1, "reason": "Sale #13", "user": 5, "created_at": "2026-04-04T07:55:23.039Z"}}, {"model": "inventory.stockmovement", "pk": 40, "fields": {"product": 22, "movement_type": "sale", "quantity": -1, "reason": "Sale #13", "user": 5, "created_at": "2026-04-04T07:55:23.040Z"}}, {"model": "inventory.stockmovement", "pk": 41, "fields": {"product": 103, "movement_type": "sale", "quantity": -1, "reason": "Sale #14", "user": 5, "created_at": "2026-04-04T09:24:59.885Z"}}, {"model": "inventory.stockmovement", "pk": 42, "fields": {"product": 109, "movement_type": "sale", "quantity": -3, "reason": "Sale #14", "user": 5, "created_at": "2026-04-04T09:24:59.889Z"}}, {"model": "inventory.stockmovement", "pk": 43, "fields": {"product": 109, "movement_type": "sale", "quantity": -2, "reason": "Sale #15", "user": 5, "created_at": "2026-04-07T13:05:57.968Z"}}, {"model": "inventory.stockmovement", "pk": 44, "fields": {"product": 5, "movement_type": "sale", "quantity": -1, "reason": "Sale #15", "user": 5, "created_at": "2026-04-07T13:05:57.972Z"}}, {"model": "inventory.stockmovement", "pk": 45, "fields": {"product": 48, "movement_type": "sale", "quantity": -2, "reason": "Sale #16", "user": 5, "created_at": "2026-04-10T07:15:28.844Z"}}, {"model": "inventory.stockmovement", "pk": 46, "fields": {"product": 97, "movement_type": "sale", "quantity": -1, "reason": "Sale #16", "user": 5, "created_at": "2026-04-10T07:15:28.847Z"}}, {"model": "inventory.stockmovement", "pk": 47, "fields": {"product": 36, "movement_type": "sale", "quantity": -1, "reason": "Sale #16", "user": 5, "created_at": "2026-04-10T07:15:28.850Z"}}, {"model": "inventory.stockmovement", "pk": 48, "fields": {"product": 15, "movement_type": "sale", "quantity": -1, "reason": "Sale #16", "user": 5, "created_at": "2026-04-10T07:15:28.852Z"}}, {"model": "inventory.stockmovement", "pk": 49, "fields": {"product": 154, "movement_type": "sale", "quantity": -1, "reason": "Sale #17", "user": 5, "created_at": "2026-04-11T00:40:11.372Z"}}, {"model": "inventory.stockmovement", "pk": 50, "fields": {"product": 2, "movement_type": "sale", "quantity": -2, "reason": "Sale #17", "user": 5, "created_at": "2026-04-11T00:40:11.377Z"}}, {"model": "inventory.stockmovement", "pk": 51, "fields": {"product": 77, "movement_type": "sale", "quantity": -1, "reason": "Sale #17", "user": 5, "created_at": "2026-04-11T00:40:11.380Z"}}, {"model": "pos.transaction", "pk": 1, "fields": {"cashier": 1, "total_amount": "12.10", "tax_amount": "1.10", "discount_amount": "0.00", "payment_method": "cash", "amount_paid": "100.00", "change_given": "87.90", "status": "completed", "created_at": "2026-01-25T06:50:51.086Z"}}, {"model": "pos.transaction", "pk": 2, "fields": {"cashier": 1, "total_amount": "1.65", "tax_amount": "0.15", "discount_amount": "0.00", "payment_method": "cash", "amount_paid": "2.00", "change_given": "0.35", "status": "completed", "created_at": "2026-01-25T08:37:47.694Z"}}, {"model": "pos.transaction", "pk": 3, "fields": {"cashier": 1, "total_amount": "205.15", "tax_amount": "18.65", "discount_amount": "0.00", "payment_method": "cash", "amount_paid": "300.00", "change_given": "94.85", "status": "completed", "created_at": "2026-01-26T01:02:12.334Z"}}, {"model": "pos.transaction", "pk": 4, "fields": {"cashier": 1, "total_amount": "207.90", "tax_amount": "18.90", "discount_amount": "0.00", "payment_method": "cash", "amount_paid": "300.00", "change_given": "92.10", "status": "completed", "created_at": "2026-01-26T10:28:37.671Z"}}, {"model": "pos.transaction", "pk": 5, "fields": {"cashier": 3, "total_amount": "159.50", "tax_amount": "14.50", "discount_amount": "0.00", "payment_method": "cash", "amount_paid": "200.00", "change_given": "40.50", "status": "completed", "created_at": "2026-01-28T04:49:55.936Z"}}, {"model": "pos.transaction", "pk": 6, "fields": {"cashier": 4, "total_amount": "514.80", "tax_amount": "46.80", "discount_amount": "0.00", "payment_method": "cash", "amount_paid": "600.00", "change_given": "85.20", "status": "completed", "created_at": "2026-01-29T03:59:04.921Z"}}, {"model": "pos.transaction", "pk": 7, "fields": {"cashier": 1, "total_amount": "221.65", "tax_amount": "20.15", "discount_amount": "0.00", "payment_method": "cash", "amount_paid": "300.00", "change_given": "78.35", "status": "completed", "created_at": "2026-03-09T04:15:43.811Z"}}, {"model": "pos.transaction", "pk": 8, "fields": {"cashier": 2, "total_amount": "93.50", "tax_amount": "8.50", "discount_amount": "0.00", "payment_method": "cash", "amount_paid": "100.00", "change_given": "6.50", "status": "completed", "created_at": "2026-03-25T03:15:22.652Z"}}, {"model": "pos.transaction", "pk": 9, "fields": {"cashier": 5, "total_amount": "353.10", "tax_amount": "32.10", "discount_amount": "0.00", "payment_method": "cash", "amount_paid": "500.00", "change_given": "146.90", "status": "completed", "created_at": "2026-04-04T07:40:26.235Z"}}, {"model": "pos.transaction", "pk": 10, "fields": {"cashier": 5, "total_amount": "135.30", "tax_amount": "12.30", "discount_amount": "0.00", "payment_method": "cash", "amount_paid": "200.00", "change_given": "64.70", "status": "completed", "created_at": "2026-04-04T07:41:49.849Z"}}, {"model": "pos.transaction", "pk": 11, "fields": {"cashier": 5, "total_amount": "517.00", "tax_amount": "47.00", "discount_amount": "0.00", "payment_method": "cash", "amount_paid": "550.00", "change_given": "33.00", "status": "completed", "created_at": "2026-04-04T07:43:14.989Z"}}, {"model": "pos.transaction", "pk": 12, "fields": {"cashier": 5, "total_amount": "622.60", "tax_amount": "56.60", "discount_amount": "0.00", "payment_method": "cash", "amount_paid": "650.00", "change_given": "27.40", "status": "completed", "created_at": "2026-04-04T07:44:16.714Z"}}, {"model": "pos.transaction", "pk": 13, "fields": {"cashier": 5, "total_amount": "313.50", "tax_amount": "28.50", "discount_amount": "0.00", "payment_method": "cash", "amount_paid": "500.00", "change_given": "186.50", "status": "completed", "created_at": "2026-04-04T07:55:23.027Z"}}, {"model": "pos.transaction", "pk": 14, "fields": {"cashier": 5, "total_amount": "110.00", "tax_amount": "10.00", "discount_amount": "0.00", "payment_method": "cash", "amount_paid": "110.00", "change_given": "0.00", "status": "completed", "created_at": "2026-04-04T09:24:59.878Z"}}, {"model": "pos.transaction", "pk": 15, "fields": {"cashier": 5, "total_amount": "104.50", "tax_amount": "9.50", "discount_amount": "0.00", "payment_method": "cash", "amount_paid": "105.00", "change_given": "0.50", "status": "completed", "created_at": "2026-04-07T13:05:57.961Z"}}, {"model": "pos.transaction", "pk": 16, "fields": {"cashier": 5, "total_amount": "338.80", "tax_amount": "30.80", "discount_amount": "0.00", "payment_method": "cash", "amount_paid": "500.00", "change_given": "161.20", "status": "completed", "created_at": "2026-04-10T07:15:28.837Z"}}, {"model": "pos.transaction", "pk": 17, "fields": {"cashier": 5, "total_amount": "77.00", "tax_amount": "7.00", "discount_amount": "0.00", "payment_method": "cash", "amount_paid": "100.00", "change_given": "23.00", "status": "completed", "created_at": "2026-04-11T00:40:11.364Z"}}, {"model": "pos.transactionitem", "pk": 1, "fields": {"transaction": 1, "product": 2, "product_name": "Lays Classic Chips", "quantity": 1, "unit_price": "1.50", "subtotal": "1.50"}}, {"model": "pos.transactionitem", "pk": 2, "fields": {"transaction": 1, "product": 3, "product_name": "Full Cream Milk 1L", "quantity": 1, "unit_price": "3.00", "subtotal": "3.00"}}, {"model": "pos.transactionitem", "pk": 3, "fields": {"transaction": 1, "product": 8, "product_name": "Cheddar Cheese Block", "quantity": 1, "unit_price": "6.50", "subtotal": "6.50"}}, {"model": "pos.transactionitem", "pk": 4, "fields": {"transaction": 2, "product": 2, "product_name": "Lays Classic Chips", "quantity": 1, "unit_price": "1.50", "subtotal": "1.50"}}, {"model": "pos.transactionitem", "pk": 5, "fields": {"transaction": 3, "product": 27, "product_name": "Bear Brand Powdered Milk Drink 300g", "quantity": 1, "unit_price": "185.00", "subtotal": "185.00"}}, {"model": "pos.transactionitem", "pk": 6, "fields": {"transaction": 3, "product": 2, "product_name": "Lays Classic Chips", "quantity": 1, "unit_price": "1.50", "subtotal": "1.50"}}, {"model": "pos.transactionitem", "pk": 7, "fields": {"transaction": 4, "product": 152, "product_name": "Banana New", "quantity": 2, "unit_price": "2.00", "subtotal": "4.00"}}, {"model": "pos.transactionitem", "pk": 8, "fields": {"transaction": 4, "product": 27, "product_name": "Bear Brand Powdered Milk Drink 300g", "quantity": 1, "unit_price": "185.00", "subtotal": "185.00"}}, {"model": "pos.transactionitem", "pk": 9, "fields": {"transaction": 5, "product": 40, "product_name": "Argentina Corned Beef 150g", "quantity": 1, "unit_price": "45.00", "subtotal": "45.00"}}, {"model": "pos.transactionitem", "pk": 10, "fields": {"transaction": 5, "product": 1, "product_name": "Coca Cola 1.5L", "quantity": 1, "unit_price": "100.00", "subtotal": "100.00"}}, {"model": "pos.transactionitem", "pk": 11, "fields": {"transaction": 6, "product": 1, "product_name": "Coca Cola 1.5L", "quantity": 1, "unit_price": "100.00", "subtotal": "100.00"}}, {"model": "pos.transactionitem", "pk": 12, "fields": {"transaction": 6, "product": 22, "product_name": "Absolute Distilled Drinking Water 350ml", "quantity": 1, "unit_price": "8.00", "subtotal": "8.00"}}, {"model": "pos.transactionitem", "pk": 13, "fields": {"transaction": 6, "product": 27, "product_name": "Bear Brand Powdered Milk Drink 300g", "quantity": 1, "unit_price": "185.00", "subtotal": "185.00"}}, {"model": "pos.transactionitem", "pk": 14, "fields": {"transaction": 6, "product": 29, "product_name": "Alaska Powdered Milk 300g", "quantity": 1, "unit_price": "175.00", "subtotal": "175.00"}}, {"model": "pos.transactionitem", "pk": 15, "fields": {"transaction": 7, "product": 2, "product_name": "Lays Classic Chips", "quantity": 1, "unit_price": "1.50", "subtotal": "1.50"}}, {"model": "pos.transactionitem", "pk": 16, "fields": {"transaction": 7, "product": 1, "product_name": "Coca Cola 1.5L", "quantity": 2, "unit_price": "100.00", "subtotal": "200.00"}}, {"model": "pos.transactionitem", "pk": 17, "fields": {"transaction": 8, "product": 18, "product_name": "Del Monte Pineapple Juice 1L", "quantity": 1, "unit_price": "85.00", "subtotal": "85.00"}}, {"model": "pos.transactionitem", "pk": 18, "fields": {"transaction": 9, "product": 103, "product_name": "Ajinomoto Umami Seasoning 11g", "quantity": 1, "unit_price": "25.00", "subtotal": "25.00"}}, {"model": "pos.transactionitem", "pk": 19, "fields": {"transaction": 9, "product": 110, "product_name": "Alaska Condensada 300ml", "quantity": 2, "unit_price": "48.00", "subtotal": "96.00"}}, {"model": "pos.transactionitem", "pk": 20, "fields": {"transaction": 9, "product": 109, "product_name": "Alaska Evaporada 140mL", "quantity": 1, "unit_price": "25.00", "subtotal": "25.00"}}, {"model": "pos.transactionitem", "pk": 21, "fields": {"transaction": 9, "product": 29, "product_name": "Alaska Powdered Milk 300g", "quantity": 1, "unit_price": "175.00", "subtotal": "175.00"}}, {"model": "pos.transactionitem", "pk": 22, "fields": {"transaction": 10, "product": 103, "product_name": "Ajinomoto Umami Seasoning 11g", "quantity": 2, "unit_price": "25.00", "subtotal": "50.00"}}, {"model": "pos.transactionitem", "pk": 23, "fields": {"transaction": 10, "product": 110, "product_name": "Alaska Condensada 300ml", "quantity": 1, "unit_price": "48.00", "subtotal": "48.00"}}, {"model": "pos.transactionitem", "pk": 24, "fields": {"transaction": 10, "product": 109, "product_name": "Alaska Evaporada 140mL", "quantity": 1, "unit_price": "25.00", "subtotal": "25.00"}}, {"model": "pos.transactionitem", "pk": 25, "fields": {"transaction": 11, "product": 5, "product_name": "Argentina Corned Beef 150g", "quantity": 2, "unit_price": "45.00", "subtotal": "90.00"}}, {"model": "pos.transactionitem", "pk": 26, "fields": {"transaction": 11, "product": 40, "product_name": "Argentina Beef Loaf 170g", "quantity": 1, "unit_price": "30.00", "subtotal": "30.00"}}, {"model": "pos.transactionitem", "pk": 27, "fields": {"transaction": 11, "product": 29, "product_name": "Alaska Powdered Milk 300g", "quantity": 2, "unit_price": "175.00", "subtotal": "350.00"}}, {"model": "pos.transactionitem", "pk": 28, "fields": {"transaction": 12, "product": 22, "product_name": "Absolute Distilled Drinking Water 350ml", "quantity": 1, "unit_price": "15.00", "subtotal": "15.00"}}, {"model": "pos.transactionitem", "pk": 29, "fields": {"transaction": 12, "product": 110, "product_name": "Alaska Condensada 300ml", "quantity": 2, "unit_price": "48.00", "subtotal": "96.00"}}, {"model": "pos.transactionitem", "pk": 30, "fields": {"transaction": 12, "product": 109, "product_name": "Alaska Evaporada 140mL", "quantity": 1, "unit_price": "25.00", "subtotal": "25.00"}}, {"model": "pos.transactionitem", "pk": 31, "fields": {"transaction": 12, "product": 29, "product_name": "Alaska Powdered Milk 300g", "quantity": 1, "unit_price": "175.00", "subtotal": "175.00"}}, {"model": "pos.transactionitem", "pk": 32, "fields": {"transaction": 12, "product": 113, "product_name": "Anchor Butter 227g", "quantity": 1, "unit_price": "150.00", "subtotal": "150.00"}}, {"model": "pos.transactionitem", "pk": 33, "fields": {"transaction": 12, "product": 40, "product_name": "Argentina Beef Loaf 170g", "quantity": 2, "unit_price": "30.00", "subtotal": "60.00"}}, {"model": "pos.transactionitem", "pk": 34, "fields": {"transaction": 12, "product": 5, "product_name": "Argentina Corned Beef 150g", "quantity": 1, "unit_price": "45.00", "subtotal": "45.00"}}, {"model": "pos.transactionitem", "pk": 35, "fields": {"transaction": 13, "product": 109, "product_name": "Alaska Evaporada 140mL", "quantity": 2, "unit_price": "25.00", "subtotal": "50.00"}}, {"model": "pos.transactionitem", "pk": 36, "fields": {"transaction": 13, "product": 113, "product_name": "Anchor Butter 227g", "quantity": 1, "unit_price": "150.00", "subtotal": "150.00"}}, {"model": "pos.transactionitem", "pk": 37, "fields": {"transaction": 13, "product": 5, "product_name": "Argentina Corned Beef 150g", "quantity": 1, "unit_price": "45.00", "subtotal": "45.00"}}, {"model": "pos.transactionitem", "pk": 38, "fields": {"transaction": 13, "product": 103, "product_name": "Ajinomoto Umami Seasoning 11g", "quantity": 1, "unit_price": "25.00", "subtotal": "25.00"}}, {"model": "pos.transactionitem", "pk": 39, "fields": {"transaction": 13, "product": 22, "product_name": "Absolute Distilled Drinking Water 350ml", "quantity": 1, "unit_price": "15.00", "subtotal": "15.00"}}, {"model": "pos.transactionitem", "pk": 40, "fields": {"transaction": 14, "product": 103, "product_name": "Ajinomoto Umami Seasoning 11g", "quantity": 1, "unit_price": "25.00", "subtotal": "25.00"}}, {"model": "pos.transactionitem", "pk": 41, "fields": {"transaction": 14, "product": 109, "product_name": "Alaska Evaporada 140mL", "quantity": 3, "unit_price": "25.00", "subtotal": "75.00"}}, {"model": "pos.transactionitem", "pk": 42, "fields": {"transaction": 15, "product": 109, "product_name": "Alaska Evaporada 140mL", "quantity": 2, "unit_price": "25.00", "subtotal": "50.00"}}, {"model": "pos.transactionitem", "pk": 43, "fields": {"transaction": 15, "product": 5, "product_name": "Argentina Corned Beef 150g", "quantity": 1, "unit_price": "45.00", "subtotal": "45.00"}}, {"model": "pos.transactionitem", "pk": 44, "fields": {"transaction": 16, "product": 48, "product_name": "Del Monte Fruit Cocktail 432g", "quantity": 2, "unit_price": "85.00", "subtotal": "170.00"}}, {"model": "pos.transactionitem", "pk": 45, "fields": {"transaction": 16, "product": 97, "product_name": "Datu Puti Vinegar 385ml", "quantity": 1, "unit_price": "18.00", "subtotal": "18.00"}}, {"model": "pos.transactionitem", "pk": 46, "fields": {"transaction": 16, "product": 36, "product_name": "Emperador Light Brandy 350ml", "quantity": 1, "unit_price": "85.00", "subtotal": "85.00"}}, {"model": "pos.transactionitem", "pk": 47, "fields": {"transaction": 16, "product": 15, "product_name": "C2 Green Tea Apple 1L", "quantity": 1, "unit_price": "35.00", "subtotal": "35.00"}}, {"model": "pos.transactionitem", "pk": 48, "fields": {"transaction": 17, "product": 154, "product_name": "Nagaraya 80g", "quantity": 1, "unit_price": "30.00", "subtotal": "30.00"}}, {"model": "pos.transactionitem", "pk": 49, "fields": {"transaction": 17, "product": 2, "product_name": "Mang Juan Chik'n Skin 17g", "quantity": 2, "unit_price": "15.00", "subtotal": "30.00"}}, {"model": "pos.transactionitem", "pk": 50, "fields": {"transaction": 17, "product": 77, "product_name": "SkyFlakes Crackers", "quantity": 1, "unit_price": "10.00", "subtotal": "10.00"}}]
